Params,Test Accuracy,Test F1 Score,Train Time
"{'n_estimators': 100, 'learning_rate': 0.01, 'max_depth': 3, 'tree_method': 'hist', 'use_label_encoder': False, 'eval_metric': 'logloss'}",0.8556149732620321,0.7272727272727273,0.2501993179321289
"{'n_estimators': 100, 'learning_rate': 0.01, 'max_depth': 4, 'tree_method': 'hist', 'use_label_encoder': False, 'eval_metric': 'logloss'}",0.893048128342246,0.8076923076923077,0.2050008773803711
"{'n_estimators': 100, 'learning_rate': 0.01, 'max_depth': 5, 'tree_method': 'hist', 'use_label_encoder': False, 'eval_metric': 'logloss'}",0.8823529411764706,0.78,0.27899861335754395
"{'n_estimators': 100, 'learning_rate': 0.01, 'max_depth': 6, 'tree_method': 'hist', 'use_label_encoder': False, 'eval_metric': 'logloss'}",0.893048128342246,0.803921568627451,0.38199901580810547
"{'n_estimators': 100, 'learning_rate': 0.01, 'max_depth': 10, 'tree_method': 'hist', 'use_label_encoder': False, 'eval_metric': 'logloss'}",0.893048128342246,0.8076923076923077,1.0189995765686035
"{'n_estimators': 100, 'learning_rate': 0.01, 'max_depth': 20, 'tree_method': 'hist', 'use_label_encoder': False, 'eval_metric': 'logloss'}",0.8983957219251337,0.8155339805825242,1.667001485824585
"{'n_estimators': 100, 'learning_rate': 0.01, 'max_depth': 50, 'tree_method': 'hist', 'use_label_encoder': False, 'eval_metric': 'logloss'}",0.8983957219251337,0.8155339805825242,1.6780037879943848
"{'n_estimators': 100, 'learning_rate': 0.01, 'max_depth': 100, 'tree_method': 'hist', 'use_label_encoder': False, 'eval_metric': 'logloss'}",0.8983957219251337,0.8155339805825242,1.6599996089935303
"{'n_estimators': 100, 'learning_rate': 0.05, 'max_depth': 3, 'tree_method': 'hist', 'use_label_encoder': False, 'eval_metric': 'logloss'}",0.8663101604278075,0.782608695652174,0.14499974250793457
"{'n_estimators': 100, 'learning_rate': 0.05, 'max_depth': 4, 'tree_method': 'hist', 'use_label_encoder': False, 'eval_metric': 'logloss'}",0.8770053475935828,0.7964601769911505,0.19000005722045898
"{'n_estimators': 100, 'learning_rate': 0.05, 'max_depth': 5, 'tree_method': 'hist', 'use_label_encoder': False, 'eval_metric': 'logloss'}",0.8716577540106952,0.7894736842105263,0.2760014533996582
"{'n_estimators': 100, 'learning_rate': 0.05, 'max_depth': 6, 'tree_method': 'hist', 'use_label_encoder': False, 'eval_metric': 'logloss'}",0.8823529411764706,0.8070175438596491,0.3709988594055176
"{'n_estimators': 100, 'learning_rate': 0.05, 'max_depth': 10, 'tree_method': 'hist', 'use_label_encoder': False, 'eval_metric': 'logloss'}",0.8770053475935828,0.7927927927927928,0.791999101638794
"{'n_estimators': 100, 'learning_rate': 0.05, 'max_depth': 20, 'tree_method': 'hist', 'use_label_encoder': False, 'eval_metric': 'logloss'}",0.8716577540106952,0.7857142857142857,1.4120008945465088
"{'n_estimators': 100, 'learning_rate': 0.05, 'max_depth': 50, 'tree_method': 'hist', 'use_label_encoder': False, 'eval_metric': 'logloss'}",0.8716577540106952,0.7857142857142857,1.4340009689331055
"{'n_estimators': 100, 'learning_rate': 0.05, 'max_depth': 100, 'tree_method': 'hist', 'use_label_encoder': False, 'eval_metric': 'logloss'}",0.8716577540106952,0.7857142857142857,1.471998929977417
"{'n_estimators': 100, 'learning_rate': 0.1, 'max_depth': 3, 'tree_method': 'hist', 'use_label_encoder': False, 'eval_metric': 'logloss'}",0.8823529411764706,0.8035714285714286,0.13900041580200195
"{'n_estimators': 100, 'learning_rate': 0.1, 'max_depth': 4, 'tree_method': 'hist', 'use_label_encoder': False, 'eval_metric': 'logloss'}",0.8716577540106952,0.7857142857142857,0.18800067901611328
"{'n_estimators': 100, 'learning_rate': 0.1, 'max_depth': 5, 'tree_method': 'hist', 'use_label_encoder': False, 'eval_metric': 'logloss'}",0.8716577540106952,0.7894736842105263,0.25300168991088867
"{'n_estimators': 100, 'learning_rate': 0.1, 'max_depth': 6, 'tree_method': 'hist', 'use_label_encoder': False, 'eval_metric': 'logloss'}",0.8877005347593583,0.8141592920353983,0.3189990520477295
"{'n_estimators': 100, 'learning_rate': 0.1, 'max_depth': 10, 'tree_method': 'hist', 'use_label_encoder': False, 'eval_metric': 'logloss'}",0.8770053475935828,0.7927927927927928,0.7109997272491455
"{'n_estimators': 100, 'learning_rate': 0.1, 'max_depth': 20, 'tree_method': 'hist', 'use_label_encoder': False, 'eval_metric': 'logloss'}",0.893048128342246,0.8245614035087719,1.14400053024292
"{'n_estimators': 100, 'learning_rate': 0.1, 'max_depth': 50, 'tree_method': 'hist', 'use_label_encoder': False, 'eval_metric': 'logloss'}",0.893048128342246,0.8245614035087719,1.1040022373199463
"{'n_estimators': 100, 'learning_rate': 0.1, 'max_depth': 100, 'tree_method': 'hist', 'use_label_encoder': False, 'eval_metric': 'logloss'}",0.893048128342246,0.8245614035087719,1.1370017528533936
"{'n_estimators': 100, 'learning_rate': 0.2, 'max_depth': 3, 'tree_method': 'hist', 'use_label_encoder': False, 'eval_metric': 'logloss'}",0.8556149732620321,0.7610619469026548,0.15599989891052246
"{'n_estimators': 100, 'learning_rate': 0.2, 'max_depth': 4, 'tree_method': 'hist', 'use_label_encoder': False, 'eval_metric': 'logloss'}",0.8609625668449198,0.7758620689655172,0.20299816131591797
"{'n_estimators': 100, 'learning_rate': 0.2, 'max_depth': 5, 'tree_method': 'hist', 'use_label_encoder': False, 'eval_metric': 'logloss'}",0.8609625668449198,0.7678571428571429,0.2599985599517822
"{'n_estimators': 100, 'learning_rate': 0.2, 'max_depth': 6, 'tree_method': 'hist', 'use_label_encoder': False, 'eval_metric': 'logloss'}",0.8663101604278075,0.782608695652174,0.32399749755859375
"{'n_estimators': 100, 'learning_rate': 0.2, 'max_depth': 10, 'tree_method': 'hist', 'use_label_encoder': False, 'eval_metric': 'logloss'}",0.8716577540106952,0.7931034482758621,0.6060006618499756
"{'n_estimators': 100, 'learning_rate': 0.2, 'max_depth': 20, 'tree_method': 'hist', 'use_label_encoder': False, 'eval_metric': 'logloss'}",0.8609625668449198,0.7796610169491526,0.8510012626647949
"{'n_estimators': 100, 'learning_rate': 0.2, 'max_depth': 50, 'tree_method': 'hist', 'use_label_encoder': False, 'eval_metric': 'logloss'}",0.8609625668449198,0.7796610169491526,0.8469982147216797
"{'n_estimators': 100, 'learning_rate': 0.2, 'max_depth': 100, 'tree_method': 'hist', 'use_label_encoder': False, 'eval_metric': 'logloss'}",0.8609625668449198,0.7796610169491526,0.8539988994598389
"{'n_estimators': 100, 'learning_rate': 0.5, 'max_depth': 3, 'tree_method': 'hist', 'use_label_encoder': False, 'eval_metric': 'logloss'}",0.8716577540106952,0.7931034482758621,0.14600086212158203
"{'n_estimators': 100, 'learning_rate': 0.5, 'max_depth': 4, 'tree_method': 'hist', 'use_label_encoder': False, 'eval_metric': 'logloss'}",0.893048128342246,0.8245614035087719,0.19899868965148926
"{'n_estimators': 100, 'learning_rate': 0.5, 'max_depth': 5, 'tree_method': 'hist', 'use_label_encoder': False, 'eval_metric': 'logloss'}",0.8716577540106952,0.7894736842105263,0.24899983406066895
"{'n_estimators': 100, 'learning_rate': 0.5, 'max_depth': 6, 'tree_method': 'hist', 'use_label_encoder': False, 'eval_metric': 'logloss'}",0.8877005347593583,0.8108108108108109,0.2760002613067627
"{'n_estimators': 100, 'learning_rate': 0.5, 'max_depth': 10, 'tree_method': 'hist', 'use_label_encoder': False, 'eval_metric': 'logloss'}",0.8609625668449198,0.7678571428571429,0.41500020027160645
"{'n_estimators': 100, 'learning_rate': 0.5, 'max_depth': 20, 'tree_method': 'hist', 'use_label_encoder': False, 'eval_metric': 'logloss'}",0.8770053475935828,0.8,0.8070023059844971
"{'n_estimators': 100, 'learning_rate': 0.5, 'max_depth': 50, 'tree_method': 'hist', 'use_label_encoder': False, 'eval_metric': 'logloss'}",0.8770053475935828,0.8,0.8239986896514893
"{'n_estimators': 100, 'learning_rate': 0.5, 'max_depth': 100, 'tree_method': 'hist', 'use_label_encoder': False, 'eval_metric': 'logloss'}",0.8770053475935828,0.8,0.8080005645751953
"{'n_estimators': 200, 'learning_rate': 0.01, 'max_depth': 3, 'tree_method': 'hist', 'use_label_encoder': False, 'eval_metric': 'logloss'}",0.8716577540106952,0.7735849056603774,0.28499770164489746
"{'n_estimators': 200, 'learning_rate': 0.01, 'max_depth': 4, 'tree_method': 'hist', 'use_label_encoder': False, 'eval_metric': 'logloss'}",0.893048128342246,0.8148148148148148,0.39800047874450684
"{'n_estimators': 200, 'learning_rate': 0.01, 'max_depth': 5, 'tree_method': 'hist', 'use_label_encoder': False, 'eval_metric': 'logloss'}",0.8823529411764706,0.7924528301886793,0.5500011444091797
"{'n_estimators': 200, 'learning_rate': 0.01, 'max_depth': 6, 'tree_method': 'hist', 'use_label_encoder': False, 'eval_metric': 'logloss'}",0.8877005347593583,0.8073394495412844,0.7420010566711426
"{'n_estimators': 200, 'learning_rate': 0.01, 'max_depth': 10, 'tree_method': 'hist', 'use_label_encoder': False, 'eval_metric': 'logloss'}",0.893048128342246,0.8148148148148148,1.8480024337768555
"{'n_estimators': 200, 'learning_rate': 0.01, 'max_depth': 20, 'tree_method': 'hist', 'use_label_encoder': False, 'eval_metric': 'logloss'}",0.893048128342246,0.8113207547169812,2.6950032711029053
"{'n_estimators': 200, 'learning_rate': 0.01, 'max_depth': 50, 'tree_method': 'hist', 'use_label_encoder': False, 'eval_metric': 'logloss'}",0.893048128342246,0.8148148148148148,2.7180027961730957
"{'n_estimators': 200, 'learning_rate': 0.01, 'max_depth': 100, 'tree_method': 'hist', 'use_label_encoder': False, 'eval_metric': 'logloss'}",0.893048128342246,0.8148148148148148,2.7060019969940186
"{'n_estimators': 200, 'learning_rate': 0.05, 'max_depth': 3, 'tree_method': 'hist', 'use_label_encoder': False, 'eval_metric': 'logloss'}",0.8663101604278075,0.7787610619469026,0.26999950408935547
"{'n_estimators': 200, 'learning_rate': 0.05, 'max_depth': 4, 'tree_method': 'hist', 'use_label_encoder': False, 'eval_metric': 'logloss'}",0.8556149732620321,0.7610619469026548,0.36099958419799805
"{'n_estimators': 200, 'learning_rate': 0.05, 'max_depth': 5, 'tree_method': 'hist', 'use_label_encoder': False, 'eval_metric': 'logloss'}",0.8716577540106952,0.7857142857142857,0.496002197265625
"{'n_estimators': 200, 'learning_rate': 0.05, 'max_depth': 6, 'tree_method': 'hist', 'use_label_encoder': False, 'eval_metric': 'logloss'}",0.8823529411764706,0.8070175438596491,0.6359992027282715
"{'n_estimators': 200, 'learning_rate': 0.05, 'max_depth': 10, 'tree_method': 'hist', 'use_label_encoder': False, 'eval_metric': 'logloss'}",0.8770053475935828,0.7927927927927928,1.3050029277801514
"{'n_estimators': 200, 'learning_rate': 0.05, 'max_depth': 20, 'tree_method': 'hist', 'use_label_encoder': False, 'eval_metric': 'logloss'}",0.8770053475935828,0.7964601769911505,1.9680023193359375
"{'n_estimators': 200, 'learning_rate': 0.05, 'max_depth': 50, 'tree_method': 'hist', 'use_label_encoder': False, 'eval_metric': 'logloss'}",0.8770053475935828,0.7964601769911505,2.0130012035369873
"{'n_estimators': 200, 'learning_rate': 0.05, 'max_depth': 100, 'tree_method': 'hist', 'use_label_encoder': False, 'eval_metric': 'logloss'}",0.8770053475935828,0.7964601769911505,2.0010018348693848
"{'n_estimators': 200, 'learning_rate': 0.1, 'max_depth': 3, 'tree_method': 'hist', 'use_label_encoder': False, 'eval_metric': 'logloss'}",0.8770053475935828,0.7927927927927928,0.26200056076049805
"{'n_estimators': 200, 'learning_rate': 0.1, 'max_depth': 4, 'tree_method': 'hist', 'use_label_encoder': False, 'eval_metric': 'logloss'}",0.8663101604278075,0.7747747747747747,0.3600020408630371
"{'n_estimators': 200, 'learning_rate': 0.1, 'max_depth': 5, 'tree_method': 'hist', 'use_label_encoder': False, 'eval_metric': 'logloss'}",0.8823529411764706,0.8035714285714286,0.4799988269805908
"{'n_estimators': 200, 'learning_rate': 0.1, 'max_depth': 6, 'tree_method': 'hist', 'use_label_encoder': False, 'eval_metric': 'logloss'}",0.8877005347593583,0.8173913043478261,0.5790011882781982
"{'n_estimators': 200, 'learning_rate': 0.1, 'max_depth': 10, 'tree_method': 'hist', 'use_label_encoder': False, 'eval_metric': 'logloss'}",0.8823529411764706,0.8035714285714286,1.0520012378692627
"{'n_estimators': 200, 'learning_rate': 0.1, 'max_depth': 20, 'tree_method': 'hist', 'use_label_encoder': False, 'eval_metric': 'logloss'}",0.8877005347593583,0.8173913043478261,1.4990017414093018
"{'n_estimators': 200, 'learning_rate': 0.1, 'max_depth': 50, 'tree_method': 'hist', 'use_label_encoder': False, 'eval_metric': 'logloss'}",0.8877005347593583,0.8173913043478261,1.472001314163208
"{'n_estimators': 200, 'learning_rate': 0.1, 'max_depth': 100, 'tree_method': 'hist', 'use_label_encoder': False, 'eval_metric': 'logloss'}",0.8877005347593583,0.8173913043478261,1.4540040493011475
"{'n_estimators': 200, 'learning_rate': 0.2, 'max_depth': 3, 'tree_method': 'hist', 'use_label_encoder': False, 'eval_metric': 'logloss'}",0.8770053475935828,0.7964601769911505,0.26999902725219727
"{'n_estimators': 200, 'learning_rate': 0.2, 'max_depth': 4, 'tree_method': 'hist', 'use_label_encoder': False, 'eval_metric': 'logloss'}",0.8823529411764706,0.8135593220338984,0.38051819801330566
"{'n_estimators': 200, 'learning_rate': 0.2, 'max_depth': 5, 'tree_method': 'hist', 'use_label_encoder': False, 'eval_metric': 'logloss'}",0.8770053475935828,0.7927927927927928,0.47800135612487793
"{'n_estimators': 200, 'learning_rate': 0.2, 'max_depth': 6, 'tree_method': 'hist', 'use_label_encoder': False, 'eval_metric': 'logloss'}",0.8663101604278075,0.782608695652174,0.5989990234375
"{'n_estimators': 200, 'learning_rate': 0.2, 'max_depth': 10, 'tree_method': 'hist', 'use_label_encoder': False, 'eval_metric': 'logloss'}",0.8716577540106952,0.7931034482758621,0.9120001792907715
"{'n_estimators': 200, 'learning_rate': 0.2, 'max_depth': 20, 'tree_method': 'hist', 'use_label_encoder': False, 'eval_metric': 'logloss'}",0.8663101604278075,0.7863247863247863,1.1309983730316162
"{'n_estimators': 200, 'learning_rate': 0.2, 'max_depth': 50, 'tree_method': 'hist', 'use_label_encoder': False, 'eval_metric': 'logloss'}",0.8663101604278075,0.7863247863247863,1.1760005950927734
"{'n_estimators': 200, 'learning_rate': 0.2, 'max_depth': 100, 'tree_method': 'hist', 'use_label_encoder': False, 'eval_metric': 'logloss'}",0.8663101604278075,0.7863247863247863,1.0900018215179443
"{'n_estimators': 200, 'learning_rate': 0.5, 'max_depth': 3, 'tree_method': 'hist', 'use_label_encoder': False, 'eval_metric': 'logloss'}",0.8716577540106952,0.7857142857142857,0.27499890327453613
"{'n_estimators': 200, 'learning_rate': 0.5, 'max_depth': 4, 'tree_method': 'hist', 'use_label_encoder': False, 'eval_metric': 'logloss'}",0.8823529411764706,0.8103448275862069,0.3390011787414551
"{'n_estimators': 200, 'learning_rate': 0.5, 'max_depth': 5, 'tree_method': 'hist', 'use_label_encoder': False, 'eval_metric': 'logloss'}",0.8716577540106952,0.7894736842105263,0.41199803352355957
"{'n_estimators': 200, 'learning_rate': 0.5, 'max_depth': 6, 'tree_method': 'hist', 'use_label_encoder': False, 'eval_metric': 'logloss'}",0.8823529411764706,0.8035714285714286,0.4529991149902344
"{'n_estimators': 200, 'learning_rate': 0.5, 'max_depth': 10, 'tree_method': 'hist', 'use_label_encoder': False, 'eval_metric': 'logloss'}",0.8502673796791443,0.7543859649122807,0.551002025604248
"{'n_estimators': 200, 'learning_rate': 0.5, 'max_depth': 20, 'tree_method': 'hist', 'use_label_encoder': False, 'eval_metric': 'logloss'}",0.8770053475935828,0.8,0.9220001697540283
"{'n_estimators': 200, 'learning_rate': 0.5, 'max_depth': 50, 'tree_method': 'hist', 'use_label_encoder': False, 'eval_metric': 'logloss'}",0.8770053475935828,0.8,0.9260003566741943
"{'n_estimators': 200, 'learning_rate': 0.5, 'max_depth': 100, 'tree_method': 'hist', 'use_label_encoder': False, 'eval_metric': 'logloss'}",0.8770053475935828,0.8,0.9680013656616211
"{'n_estimators': 300, 'learning_rate': 0.01, 'max_depth': 3, 'tree_method': 'hist', 'use_label_encoder': False, 'eval_metric': 'logloss'}",0.8823529411764706,0.8,0.4180002212524414
"{'n_estimators': 300, 'learning_rate': 0.01, 'max_depth': 4, 'tree_method': 'hist', 'use_label_encoder': False, 'eval_metric': 'logloss'}",0.8823529411764706,0.8,0.5830001831054688
"{'n_estimators': 300, 'learning_rate': 0.01, 'max_depth': 5, 'tree_method': 'hist', 'use_label_encoder': False, 'eval_metric': 'logloss'}",0.893048128342246,0.8181818181818182,0.7900021076202393
"{'n_estimators': 300, 'learning_rate': 0.01, 'max_depth': 6, 'tree_method': 'hist', 'use_label_encoder': False, 'eval_metric': 'logloss'}",0.8823529411764706,0.8035714285714286,1.0259983539581299
"{'n_estimators': 300, 'learning_rate': 0.01, 'max_depth': 10, 'tree_method': 'hist', 'use_label_encoder': False, 'eval_metric': 'logloss'}",0.8877005347593583,0.8073394495412844,2.4960479736328125
"{'n_estimators': 300, 'learning_rate': 0.01, 'max_depth': 20, 'tree_method': 'hist', 'use_label_encoder': False, 'eval_metric': 'logloss'}",0.8877005347593583,0.8073394495412844,3.6100049018859863
"{'n_estimators': 300, 'learning_rate': 0.01, 'max_depth': 50, 'tree_method': 'hist', 'use_label_encoder': False, 'eval_metric': 'logloss'}",0.8823529411764706,0.8,3.728519916534424
"{'n_estimators': 300, 'learning_rate': 0.01, 'max_depth': 100, 'tree_method': 'hist', 'use_label_encoder': False, 'eval_metric': 'logloss'}",0.8823529411764706,0.8,3.7350056171417236
"{'n_estimators': 300, 'learning_rate': 0.05, 'max_depth': 3, 'tree_method': 'hist', 'use_label_encoder': False, 'eval_metric': 'logloss'}",0.8716577540106952,0.7857142857142857,0.43503713607788086
"{'n_estimators': 300, 'learning_rate': 0.05, 'max_depth': 4, 'tree_method': 'hist', 'use_label_encoder': False, 'eval_metric': 'logloss'}",0.8663101604278075,0.7747747747747747,0.5719995498657227
"{'n_estimators': 300, 'learning_rate': 0.05, 'max_depth': 5, 'tree_method': 'hist', 'use_label_encoder': False, 'eval_metric': 'logloss'}",0.8663101604278075,0.7747747747747747,0.76751708984375
"{'n_estimators': 300, 'learning_rate': 0.05, 'max_depth': 6, 'tree_method': 'hist', 'use_label_encoder': False, 'eval_metric': 'logloss'}",0.8716577540106952,0.7894736842105263,0.9878089427947998
"{'n_estimators': 300, 'learning_rate': 0.05, 'max_depth': 10, 'tree_method': 'hist', 'use_label_encoder': False, 'eval_metric': 'logloss'}",0.8663101604278075,0.7787610619469026,1.7435126304626465
"{'n_estimators': 300, 'learning_rate': 0.05, 'max_depth': 20, 'tree_method': 'hist', 'use_label_encoder': False, 'eval_metric': 'logloss'}",0.8823529411764706,0.8035714285714286,2.456641435623169
"{'n_estimators': 300, 'learning_rate': 0.05, 'max_depth': 50, 'tree_method': 'hist', 'use_label_encoder': False, 'eval_metric': 'logloss'}",0.8823529411764706,0.8035714285714286,2.3080027103424072
"{'n_estimators': 300, 'learning_rate': 0.05, 'max_depth': 100, 'tree_method': 'hist', 'use_label_encoder': False, 'eval_metric': 'logloss'}",0.8823529411764706,0.8035714285714286,2.3330025672912598
"{'n_estimators': 300, 'learning_rate': 0.1, 'max_depth': 3, 'tree_method': 'hist', 'use_label_encoder': False, 'eval_metric': 'logloss'}",0.8770053475935828,0.7927927927927928,0.3769991397857666
"{'n_estimators': 300, 'learning_rate': 0.1, 'max_depth': 4, 'tree_method': 'hist', 'use_label_encoder': False, 'eval_metric': 'logloss'}",0.8823529411764706,0.8035714285714286,0.5259997844696045
"{'n_estimators': 300, 'learning_rate': 0.1, 'max_depth': 5, 'tree_method': 'hist', 'use_label_encoder': False, 'eval_metric': 'logloss'}",0.8770053475935828,0.7927927927927928,0.6840007305145264
"{'n_estimators': 300, 'learning_rate': 0.1, 'max_depth': 6, 'tree_method': 'hist', 'use_label_encoder': False, 'eval_metric': 'logloss'}",0.8823529411764706,0.8070175438596491,0.8210010528564453
"{'n_estimators': 300, 'learning_rate': 0.1, 'max_depth': 10, 'tree_method': 'hist', 'use_label_encoder': False, 'eval_metric': 'logloss'}",0.8823529411764706,0.8035714285714286,1.265995740890503
"{'n_estimators': 300, 'learning_rate': 0.1, 'max_depth': 20, 'tree_method': 'hist', 'use_label_encoder': False, 'eval_metric': 'logloss'}",0.8877005347593583,0.8173913043478261,1.745999813079834
"{'n_estimators': 300, 'learning_rate': 0.1, 'max_depth': 50, 'tree_method': 'hist', 'use_label_encoder': False, 'eval_metric': 'logloss'}",0.8877005347593583,0.8173913043478261,1.7250018119812012
"{'n_estimators': 300, 'learning_rate': 0.1, 'max_depth': 100, 'tree_method': 'hist', 'use_label_encoder': False, 'eval_metric': 'logloss'}",0.8877005347593583,0.8173913043478261,1.6600003242492676
"{'n_estimators': 300, 'learning_rate': 0.2, 'max_depth': 3, 'tree_method': 'hist', 'use_label_encoder': False, 'eval_metric': 'logloss'}",0.8770053475935828,0.7964601769911505,0.38899827003479004
"{'n_estimators': 300, 'learning_rate': 0.2, 'max_depth': 4, 'tree_method': 'hist', 'use_label_encoder': False, 'eval_metric': 'logloss'}",0.8770053475935828,0.8034188034188035,0.5179991722106934
"{'n_estimators': 300, 'learning_rate': 0.2, 'max_depth': 5, 'tree_method': 'hist', 'use_label_encoder': False, 'eval_metric': 'logloss'}",0.8823529411764706,0.8035714285714286,0.6819992065429688
"{'n_estimators': 300, 'learning_rate': 0.2, 'max_depth': 6, 'tree_method': 'hist', 'use_label_encoder': False, 'eval_metric': 'logloss'}",0.8609625668449198,0.7758620689655172,0.7550008296966553
"{'n_estimators': 300, 'learning_rate': 0.2, 'max_depth': 10, 'tree_method': 'hist', 'use_label_encoder': False, 'eval_metric': 'logloss'}",0.8716577540106952,0.7931034482758621,1.0240018367767334
"{'n_estimators': 300, 'learning_rate': 0.2, 'max_depth': 20, 'tree_method': 'hist', 'use_label_encoder': False, 'eval_metric': 'logloss'}",0.8663101604278075,0.7863247863247863,1.186007022857666
"{'n_estimators': 300, 'learning_rate': 0.2, 'max_depth': 50, 'tree_method': 'hist', 'use_label_encoder': False, 'eval_metric': 'logloss'}",0.8663101604278075,0.7863247863247863,1.225999355316162
"{'n_estimators': 300, 'learning_rate': 0.2, 'max_depth': 100, 'tree_method': 'hist', 'use_label_encoder': False, 'eval_metric': 'logloss'}",0.8663101604278075,0.7863247863247863,1.2500009536743164
"{'n_estimators': 300, 'learning_rate': 0.5, 'max_depth': 3, 'tree_method': 'hist', 'use_label_encoder': False, 'eval_metric': 'logloss'}",0.8770053475935828,0.7964601769911505,0.39400219917297363
"{'n_estimators': 300, 'learning_rate': 0.5, 'max_depth': 4, 'tree_method': 'hist', 'use_label_encoder': False, 'eval_metric': 'logloss'}",0.8877005347593583,0.8173913043478261,0.47699999809265137
"{'n_estimators': 300, 'learning_rate': 0.5, 'max_depth': 5, 'tree_method': 'hist', 'use_label_encoder': False, 'eval_metric': 'logloss'}",0.8770053475935828,0.7964601769911505,0.538001537322998
"{'n_estimators': 300, 'learning_rate': 0.5, 'max_depth': 6, 'tree_method': 'hist', 'use_label_encoder': False, 'eval_metric': 'logloss'}",0.8823529411764706,0.8035714285714286,0.5679988861083984
"{'n_estimators': 300, 'learning_rate': 0.5, 'max_depth': 10, 'tree_method': 'hist', 'use_label_encoder': False, 'eval_metric': 'logloss'}",0.8556149732620321,0.7610619469026548,0.6549999713897705
"{'n_estimators': 300, 'learning_rate': 0.5, 'max_depth': 20, 'tree_method': 'hist', 'use_label_encoder': False, 'eval_metric': 'logloss'}",0.8663101604278075,0.7863247863247863,1.071000099182129
"{'n_estimators': 300, 'learning_rate': 0.5, 'max_depth': 50, 'tree_method': 'hist', 'use_label_encoder': False, 'eval_metric': 'logloss'}",0.8663101604278075,0.7863247863247863,1.0619983673095703
"{'n_estimators': 300, 'learning_rate': 0.5, 'max_depth': 100, 'tree_method': 'hist', 'use_label_encoder': False, 'eval_metric': 'logloss'}",0.8663101604278075,0.7863247863247863,1.077040672302246
"{'n_estimators': 500, 'learning_rate': 0.01, 'max_depth': 3, 'tree_method': 'hist', 'use_label_encoder': False, 'eval_metric': 'logloss'}",0.8716577540106952,0.7818181818181819,0.7000000476837158
"{'n_estimators': 500, 'learning_rate': 0.01, 'max_depth': 4, 'tree_method': 'hist', 'use_label_encoder': False, 'eval_metric': 'logloss'}",0.893048128342246,0.8181818181818182,0.930999755859375
"{'n_estimators': 500, 'learning_rate': 0.01, 'max_depth': 5, 'tree_method': 'hist', 'use_label_encoder': False, 'eval_metric': 'logloss'}",0.8770053475935828,0.7964601769911505,1.3230009078979492
"{'n_estimators': 500, 'learning_rate': 0.01, 'max_depth': 6, 'tree_method': 'hist', 'use_label_encoder': False, 'eval_metric': 'logloss'}",0.8877005347593583,0.8173913043478261,1.7729980945587158
"{'n_estimators': 500, 'learning_rate': 0.01, 'max_depth': 10, 'tree_method': 'hist', 'use_label_encoder': False, 'eval_metric': 'logloss'}",0.8716577540106952,0.7857142857142857,3.584005355834961
"{'n_estimators': 500, 'learning_rate': 0.01, 'max_depth': 20, 'tree_method': 'hist', 'use_label_encoder': False, 'eval_metric': 'logloss'}",0.8716577540106952,0.7857142857142857,5.508049249649048
"{'n_estimators': 500, 'learning_rate': 0.01, 'max_depth': 50, 'tree_method': 'hist', 'use_label_encoder': False, 'eval_metric': 'logloss'}",0.8770053475935828,0.7927927927927928,5.249006032943726
"{'n_estimators': 500, 'learning_rate': 0.01, 'max_depth': 100, 'tree_method': 'hist', 'use_label_encoder': False, 'eval_metric': 'logloss'}",0.8770053475935828,0.7927927927927928,5.211003065109253
"{'n_estimators': 500, 'learning_rate': 0.05, 'max_depth': 3, 'tree_method': 'hist', 'use_label_encoder': False, 'eval_metric': 'logloss'}",0.8770053475935828,0.7927927927927928,0.6210007667541504
"{'n_estimators': 500, 'learning_rate': 0.05, 'max_depth': 4, 'tree_method': 'hist', 'use_label_encoder': False, 'eval_metric': 'logloss'}",0.8663101604278075,0.7787610619469026,0.8649992942810059
"{'n_estimators': 500, 'learning_rate': 0.05, 'max_depth': 5, 'tree_method': 'hist', 'use_label_encoder': False, 'eval_metric': 'logloss'}",0.8770053475935828,0.7964601769911505,1.142002820968628
"{'n_estimators': 500, 'learning_rate': 0.05, 'max_depth': 6, 'tree_method': 'hist', 'use_label_encoder': False, 'eval_metric': 'logloss'}",0.8770053475935828,0.7964601769911505,1.434999942779541
"{'n_estimators': 500, 'learning_rate': 0.05, 'max_depth': 10, 'tree_method': 'hist', 'use_label_encoder': False, 'eval_metric': 'logloss'}",0.8770053475935828,0.7964601769911505,2.13200044631958
"{'n_estimators': 500, 'learning_rate': 0.05, 'max_depth': 20, 'tree_method': 'hist', 'use_label_encoder': False, 'eval_metric': 'logloss'}",0.8770053475935828,0.7964601769911505,2.812002658843994
"{'n_estimators': 500, 'learning_rate': 0.05, 'max_depth': 50, 'tree_method': 'hist', 'use_label_encoder': False, 'eval_metric': 'logloss'}",0.8770053475935828,0.7964601769911505,2.738002061843872
"{'n_estimators': 500, 'learning_rate': 0.05, 'max_depth': 100, 'tree_method': 'hist', 'use_label_encoder': False, 'eval_metric': 'logloss'}",0.8770053475935828,0.7964601769911505,2.758002996444702
"{'n_estimators': 500, 'learning_rate': 0.1, 'max_depth': 3, 'tree_method': 'hist', 'use_label_encoder': False, 'eval_metric': 'logloss'}",0.8770053475935828,0.7964601769911505,0.6189978122711182
"{'n_estimators': 500, 'learning_rate': 0.1, 'max_depth': 4, 'tree_method': 'hist', 'use_label_encoder': False, 'eval_metric': 'logloss'}",0.8823529411764706,0.8035714285714286,0.8420007228851318
"{'n_estimators': 500, 'learning_rate': 0.1, 'max_depth': 5, 'tree_method': 'hist', 'use_label_encoder': False, 'eval_metric': 'logloss'}",0.8716577540106952,0.7857142857142857,1.047999382019043
"{'n_estimators': 500, 'learning_rate': 0.1, 'max_depth': 6, 'tree_method': 'hist', 'use_label_encoder': False, 'eval_metric': 'logloss'}",0.8823529411764706,0.8070175438596491,1.2039988040924072
"{'n_estimators': 500, 'learning_rate': 0.1, 'max_depth': 10, 'tree_method': 'hist', 'use_label_encoder': False, 'eval_metric': 'logloss'}",0.8823529411764706,0.8070175438596491,1.6550014019012451
"{'n_estimators': 500, 'learning_rate': 0.1, 'max_depth': 20, 'tree_method': 'hist', 'use_label_encoder': False, 'eval_metric': 'logloss'}",0.8877005347593583,0.8173913043478261,1.9840009212493896
"{'n_estimators': 500, 'learning_rate': 0.1, 'max_depth': 50, 'tree_method': 'hist', 'use_label_encoder': False, 'eval_metric': 'logloss'}",0.8877005347593583,0.8173913043478261,1.9920001029968262
"{'n_estimators': 500, 'learning_rate': 0.1, 'max_depth': 100, 'tree_method': 'hist', 'use_label_encoder': False, 'eval_metric': 'logloss'}",0.8877005347593583,0.8173913043478261,2.0820040702819824
"{'n_estimators': 500, 'learning_rate': 0.2, 'max_depth': 3, 'tree_method': 'hist', 'use_label_encoder': False, 'eval_metric': 'logloss'}",0.8770053475935828,0.8,0.6270003318786621
"{'n_estimators': 500, 'learning_rate': 0.2, 'max_depth': 4, 'tree_method': 'hist', 'use_label_encoder': False, 'eval_metric': 'logloss'}",0.8823529411764706,0.8103448275862069,0.7949988842010498
"{'n_estimators': 500, 'learning_rate': 0.2, 'max_depth': 5, 'tree_method': 'hist', 'use_label_encoder': False, 'eval_metric': 'logloss'}",0.8663101604278075,0.7787610619469026,0.9319982528686523
"{'n_estimators': 500, 'learning_rate': 0.2, 'max_depth': 6, 'tree_method': 'hist', 'use_label_encoder': False, 'eval_metric': 'logloss'}",0.8663101604278075,0.782608695652174,1.0090010166168213
"{'n_estimators': 500, 'learning_rate': 0.2, 'max_depth': 10, 'tree_method': 'hist', 'use_label_encoder': False, 'eval_metric': 'logloss'}",0.8716577540106952,0.7931034482758621,1.2620010375976562
"{'n_estimators': 500, 'learning_rate': 0.2, 'max_depth': 20, 'tree_method': 'hist', 'use_label_encoder': False, 'eval_metric': 'logloss'}",0.8609625668449198,0.7796610169491526,1.4660000801086426
"{'n_estimators': 500, 'learning_rate': 0.2, 'max_depth': 50, 'tree_method': 'hist', 'use_label_encoder': False, 'eval_metric': 'logloss'}",0.8609625668449198,0.7796610169491526,1.4400019645690918
"{'n_estimators': 500, 'learning_rate': 0.2, 'max_depth': 100, 'tree_method': 'hist', 'use_label_encoder': False, 'eval_metric': 'logloss'}",0.8609625668449198,0.7796610169491526,1.4639990329742432
"{'n_estimators': 500, 'learning_rate': 0.5, 'max_depth': 3, 'tree_method': 'hist', 'use_label_encoder': False, 'eval_metric': 'logloss'}",0.8663101604278075,0.7747747747747747,0.6490025520324707
"{'n_estimators': 500, 'learning_rate': 0.5, 'max_depth': 4, 'tree_method': 'hist', 'use_label_encoder': False, 'eval_metric': 'logloss'}",0.893048128342246,0.8275862068965517,0.6730005741119385
"{'n_estimators': 500, 'learning_rate': 0.5, 'max_depth': 5, 'tree_method': 'hist', 'use_label_encoder': False, 'eval_metric': 'logloss'}",0.8716577540106952,0.7857142857142857,0.7109999656677246
"{'n_estimators': 500, 'learning_rate': 0.5, 'max_depth': 6, 'tree_method': 'hist', 'use_label_encoder': False, 'eval_metric': 'logloss'}",0.8716577540106952,0.7894736842105263,0.7320003509521484
"{'n_estimators': 500, 'learning_rate': 0.5, 'max_depth': 10, 'tree_method': 'hist', 'use_label_encoder': False, 'eval_metric': 'logloss'}",0.8502673796791443,0.7543859649122807,0.831000566482544
"{'n_estimators': 500, 'learning_rate': 0.5, 'max_depth': 20, 'tree_method': 'hist', 'use_label_encoder': False, 'eval_metric': 'logloss'}",0.8609625668449198,0.7758620689655172,1.1960012912750244
"{'n_estimators': 500, 'learning_rate': 0.5, 'max_depth': 50, 'tree_method': 'hist', 'use_label_encoder': False, 'eval_metric': 'logloss'}",0.8609625668449198,0.7758620689655172,1.1780023574829102
"{'n_estimators': 500, 'learning_rate': 0.5, 'max_depth': 100, 'tree_method': 'hist', 'use_label_encoder': False, 'eval_metric': 'logloss'}",0.8609625668449198,0.7758620689655172,1.1970014572143555
"{'n_estimators': 1000, 'learning_rate': 0.01, 'max_depth': 3, 'tree_method': 'hist', 'use_label_encoder': False, 'eval_metric': 'logloss'}",0.8877005347593583,0.8108108108108109,1.2420017719268799
"{'n_estimators': 1000, 'learning_rate': 0.01, 'max_depth': 4, 'tree_method': 'hist', 'use_label_encoder': False, 'eval_metric': 'logloss'}",0.8716577540106952,0.7857142857142857,1.717000961303711
"{'n_estimators': 1000, 'learning_rate': 0.01, 'max_depth': 5, 'tree_method': 'hist', 'use_label_encoder': False, 'eval_metric': 'logloss'}",0.8770053475935828,0.7964601769911505,2.3150031566619873
"{'n_estimators': 1000, 'learning_rate': 0.01, 'max_depth': 6, 'tree_method': 'hist', 'use_label_encoder': False, 'eval_metric': 'logloss'}",0.8609625668449198,0.7719298245614035,2.96600341796875
"{'n_estimators': 1000, 'learning_rate': 0.01, 'max_depth': 10, 'tree_method': 'hist', 'use_label_encoder': False, 'eval_metric': 'logloss'}",0.8716577540106952,0.7894736842105263,5.861006259918213
"{'n_estimators': 1000, 'learning_rate': 0.01, 'max_depth': 20, 'tree_method': 'hist', 'use_label_encoder': False, 'eval_metric': 'logloss'}",0.8770053475935828,0.7927927927927928,7.552008390426636
"{'n_estimators': 1000, 'learning_rate': 0.01, 'max_depth': 50, 'tree_method': 'hist', 'use_label_encoder': False, 'eval_metric': 'logloss'}",0.8770053475935828,0.7964601769911505,7.474020481109619
"{'n_estimators': 1000, 'learning_rate': 0.01, 'max_depth': 100, 'tree_method': 'hist', 'use_label_encoder': False, 'eval_metric': 'logloss'}",0.8770053475935828,0.7964601769911505,7.511006832122803
"{'n_estimators': 1000, 'learning_rate': 0.05, 'max_depth': 3, 'tree_method': 'hist', 'use_label_encoder': False, 'eval_metric': 'logloss'}",0.8663101604278075,0.7787610619469026,1.219001293182373
"{'n_estimators': 1000, 'learning_rate': 0.05, 'max_depth': 4, 'tree_method': 'hist', 'use_label_encoder': False, 'eval_metric': 'logloss'}",0.8770053475935828,0.7964601769911505,1.6899998188018799
"{'n_estimators': 1000, 'learning_rate': 0.05, 'max_depth': 5, 'tree_method': 'hist', 'use_label_encoder': False, 'eval_metric': 'logloss'}",0.8770053475935828,0.8,2.0920047760009766
"{'n_estimators': 1000, 'learning_rate': 0.05, 'max_depth': 6, 'tree_method': 'hist', 'use_label_encoder': False, 'eval_metric': 'logloss'}",0.8770053475935828,0.7964601769911505,2.5200002193450928
"{'n_estimators': 1000, 'learning_rate': 0.05, 'max_depth': 10, 'tree_method': 'hist', 'use_label_encoder': False, 'eval_metric': 'logloss'}",0.8770053475935828,0.7964601769911505,3.123002052307129
"{'n_estimators': 1000, 'learning_rate': 0.05, 'max_depth': 20, 'tree_method': 'hist', 'use_label_encoder': False, 'eval_metric': 'logloss'}",0.8823529411764706,0.8070175438596491,3.731004238128662
"{'n_estimators': 1000, 'learning_rate': 0.05, 'max_depth': 50, 'tree_method': 'hist', 'use_label_encoder': False, 'eval_metric': 'logloss'}",0.8823529411764706,0.8070175438596491,3.791006326675415
"{'n_estimators': 1000, 'learning_rate': 0.05, 'max_depth': 100, 'tree_method': 'hist', 'use_label_encoder': False, 'eval_metric': 'logloss'}",0.8823529411764706,0.8070175438596491,3.774005174636841
"{'n_estimators': 1000, 'learning_rate': 0.1, 'max_depth': 3, 'tree_method': 'hist', 'use_label_encoder': False, 'eval_metric': 'logloss'}",0.8770053475935828,0.7964601769911505,1.2479991912841797
"{'n_estimators': 1000, 'learning_rate': 0.1, 'max_depth': 4, 'tree_method': 'hist', 'use_label_encoder': False, 'eval_metric': 'logloss'}",0.8716577540106952,0.7931034482758621,1.602999210357666
"{'n_estimators': 1000, 'learning_rate': 0.1, 'max_depth': 5, 'tree_method': 'hist', 'use_label_encoder': False, 'eval_metric': 'logloss'}",0.8663101604278075,0.7787610619469026,1.8730034828186035
"{'n_estimators': 1000, 'learning_rate': 0.1, 'max_depth': 6, 'tree_method': 'hist', 'use_label_encoder': False, 'eval_metric': 'logloss'}",0.8663101604278075,0.782608695652174,2.036001205444336
"{'n_estimators': 1000, 'learning_rate': 0.1, 'max_depth': 10, 'tree_method': 'hist', 'use_label_encoder': False, 'eval_metric': 'logloss'}",0.8609625668449198,0.7719298245614035,2.3540024757385254
"{'n_estimators': 1000, 'learning_rate': 0.1, 'max_depth': 20, 'tree_method': 'hist', 'use_label_encoder': False, 'eval_metric': 'logloss'}",0.8716577540106952,0.7966101694915254,2.775001049041748
"{'n_estimators': 1000, 'learning_rate': 0.1, 'max_depth': 50, 'tree_method': 'hist', 'use_label_encoder': False, 'eval_metric': 'logloss'}",0.8716577540106952,0.7966101694915254,2.759002447128296
"{'n_estimators': 1000, 'learning_rate': 0.1, 'max_depth': 100, 'tree_method': 'hist', 'use_label_encoder': False, 'eval_metric': 'logloss'}",0.8716577540106952,0.7966101694915254,2.74300479888916
"{'n_estimators': 1000, 'learning_rate': 0.2, 'max_depth': 3, 'tree_method': 'hist', 'use_label_encoder': False, 'eval_metric': 'logloss'}",0.8770053475935828,0.8,1.2380006313323975
"{'n_estimators': 1000, 'learning_rate': 0.2, 'max_depth': 4, 'tree_method': 'hist', 'use_label_encoder': False, 'eval_metric': 'logloss'}",0.8663101604278075,0.782608695652174,1.4199988842010498
"{'n_estimators': 1000, 'learning_rate': 0.2, 'max_depth': 5, 'tree_method': 'hist', 'use_label_encoder': False, 'eval_metric': 'logloss'}",0.8556149732620321,0.7567567567567568,1.5490005016326904
"{'n_estimators': 1000, 'learning_rate': 0.2, 'max_depth': 6, 'tree_method': 'hist', 'use_label_encoder': False, 'eval_metric': 'logloss'}",0.8502673796791443,0.7543859649122807,1.604001760482788
"{'n_estimators': 1000, 'learning_rate': 0.2, 'max_depth': 10, 'tree_method': 'hist', 'use_label_encoder': False, 'eval_metric': 'logloss'}",0.8663101604278075,0.7863247863247863,1.7890019416809082
"{'n_estimators': 1000, 'learning_rate': 0.2, 'max_depth': 20, 'tree_method': 'hist', 'use_label_encoder': False, 'eval_metric': 'logloss'}",0.8556149732620321,0.773109243697479,2.033024787902832
"{'n_estimators': 1000, 'learning_rate': 0.2, 'max_depth': 50, 'tree_method': 'hist', 'use_label_encoder': False, 'eval_metric': 'logloss'}",0.8556149732620321,0.773109243697479,2.1170029640197754
"{'n_estimators': 1000, 'learning_rate': 0.2, 'max_depth': 100, 'tree_method': 'hist', 'use_label_encoder': False, 'eval_metric': 'logloss'}",0.8556149732620321,0.773109243697479,2.270002841949463
"{'n_estimators': 1000, 'learning_rate': 0.5, 'max_depth': 3, 'tree_method': 'hist', 'use_label_encoder': False, 'eval_metric': 'logloss'}",0.8556149732620321,0.7610619469026548,1.1679987907409668
"{'n_estimators': 1000, 'learning_rate': 0.5, 'max_depth': 4, 'tree_method': 'hist', 'use_label_encoder': False, 'eval_metric': 'logloss'}",0.8770053475935828,0.8034188034188035,1.169004201889038
"{'n_estimators': 1000, 'learning_rate': 0.5, 'max_depth': 5, 'tree_method': 'hist', 'use_label_encoder': False, 'eval_metric': 'logloss'}",0.8663101604278075,0.7787610619469026,1.1750009059906006
"{'n_estimators': 1000, 'learning_rate': 0.5, 'max_depth': 6, 'tree_method': 'hist', 'use_label_encoder': False, 'eval_metric': 'logloss'}",0.8663101604278075,0.782608695652174,1.2355120182037354
"{'n_estimators': 1000, 'learning_rate': 0.5, 'max_depth': 10, 'tree_method': 'hist', 'use_label_encoder': False, 'eval_metric': 'logloss'}",0.8556149732620321,0.7652173913043478,1.3489985466003418
"{'n_estimators': 1000, 'learning_rate': 0.5, 'max_depth': 20, 'tree_method': 'hist', 'use_label_encoder': False, 'eval_metric': 'logloss'}",0.8502673796791443,0.7586206896551724,1.7430014610290527
"{'n_estimators': 1000, 'learning_rate': 0.5, 'max_depth': 50, 'tree_method': 'hist', 'use_label_encoder': False, 'eval_metric': 'logloss'}",0.8502673796791443,0.7586206896551724,1.7090027332305908
"{'n_estimators': 1000, 'learning_rate': 0.5, 'max_depth': 100, 'tree_method': 'hist', 'use_label_encoder': False, 'eval_metric': 'logloss'}",0.8502673796791443,0.7586206896551724,1.708509922027588
"{'n_estimators': 2000, 'learning_rate': 0.01, 'max_depth': 3, 'tree_method': 'hist', 'use_label_encoder': False, 'eval_metric': 'logloss'}",0.8770053475935828,0.7927927927927928,2.5100042819976807
"{'n_estimators': 2000, 'learning_rate': 0.01, 'max_depth': 4, 'tree_method': 'hist', 'use_label_encoder': False, 'eval_metric': 'logloss'}",0.8663101604278075,0.7787610619469026,3.5310041904449463
"{'n_estimators': 2000, 'learning_rate': 0.01, 'max_depth': 5, 'tree_method': 'hist', 'use_label_encoder': False, 'eval_metric': 'logloss'}",0.8663101604278075,0.7787610619469026,4.662006139755249
"{'n_estimators': 2000, 'learning_rate': 0.01, 'max_depth': 6, 'tree_method': 'hist', 'use_label_encoder': False, 'eval_metric': 'logloss'}",0.8770053475935828,0.8034188034188035,6.081010103225708
"{'n_estimators': 2000, 'learning_rate': 0.01, 'max_depth': 10, 'tree_method': 'hist', 'use_label_encoder': False, 'eval_metric': 'logloss'}",0.8663101604278075,0.782608695652174,9.5080087184906
"{'n_estimators': 2000, 'learning_rate': 0.01, 'max_depth': 20, 'tree_method': 'hist', 'use_label_encoder': False, 'eval_metric': 'logloss'}",0.8716577540106952,0.7894736842105263,11.278177261352539
"{'n_estimators': 2000, 'learning_rate': 0.01, 'max_depth': 50, 'tree_method': 'hist', 'use_label_encoder': False, 'eval_metric': 'logloss'}",0.8770053475935828,0.8,11.231703281402588
"{'n_estimators': 2000, 'learning_rate': 0.01, 'max_depth': 100, 'tree_method': 'hist', 'use_label_encoder': False, 'eval_metric': 'logloss'}",0.8770053475935828,0.8,11.187184810638428
"{'n_estimators': 2000, 'learning_rate': 0.05, 'max_depth': 3, 'tree_method': 'hist', 'use_label_encoder': False, 'eval_metric': 'logloss'}",0.8877005347593583,0.8173913043478261,2.7300448417663574
"{'n_estimators': 2000, 'learning_rate': 0.05, 'max_depth': 4, 'tree_method': 'hist', 'use_label_encoder': False, 'eval_metric': 'logloss'}",0.8716577540106952,0.7857142857142857,3.251570463180542
"{'n_estimators': 2000, 'learning_rate': 0.05, 'max_depth': 5, 'tree_method': 'hist', 'use_label_encoder': False, 'eval_metric': 'logloss'}",0.8663101604278075,0.7787610619469026,3.8310606479644775
"{'n_estimators': 2000, 'learning_rate': 0.05, 'max_depth': 6, 'tree_method': 'hist', 'use_label_encoder': False, 'eval_metric': 'logloss'}",0.8609625668449198,0.7719298245614035,4.366070508956909
"{'n_estimators': 2000, 'learning_rate': 0.05, 'max_depth': 10, 'tree_method': 'hist', 'use_label_encoder': False, 'eval_metric': 'logloss'}",0.8716577540106952,0.7894736842105263,4.835078239440918
"{'n_estimators': 2000, 'learning_rate': 0.05, 'max_depth': 20, 'tree_method': 'hist', 'use_label_encoder': False, 'eval_metric': 'logloss'}",0.8716577540106952,0.7931034482758621,5.39412522315979
"{'n_estimators': 2000, 'learning_rate': 0.05, 'max_depth': 50, 'tree_method': 'hist', 'use_label_encoder': False, 'eval_metric': 'logloss'}",0.8716577540106952,0.7931034482758621,5.398088693618774
"{'n_estimators': 2000, 'learning_rate': 0.05, 'max_depth': 100, 'tree_method': 'hist', 'use_label_encoder': False, 'eval_metric': 'logloss'}",0.8716577540106952,0.7931034482758621,5.427088975906372
"{'n_estimators': 2000, 'learning_rate': 0.1, 'max_depth': 3, 'tree_method': 'hist', 'use_label_encoder': False, 'eval_metric': 'logloss'}",0.8716577540106952,0.7894736842105263,2.5495479106903076
"{'n_estimators': 2000, 'learning_rate': 0.1, 'max_depth': 4, 'tree_method': 'hist', 'use_label_encoder': False, 'eval_metric': 'logloss'}",0.8556149732620321,0.7652173913043478,2.9598214626312256
"{'n_estimators': 2000, 'learning_rate': 0.1, 'max_depth': 5, 'tree_method': 'hist', 'use_label_encoder': False, 'eval_metric': 'logloss'}",0.8609625668449198,0.7678571428571429,3.108050584793091
"{'n_estimators': 2000, 'learning_rate': 0.1, 'max_depth': 6, 'tree_method': 'hist', 'use_label_encoder': False, 'eval_metric': 'logloss'}",0.8609625668449198,0.7719298245614035,3.2210533618927
"{'n_estimators': 2000, 'learning_rate': 0.1, 'max_depth': 10, 'tree_method': 'hist', 'use_label_encoder': False, 'eval_metric': 'logloss'}",0.8609625668449198,0.7719298245614035,3.495055675506592
"{'n_estimators': 2000, 'learning_rate': 0.1, 'max_depth': 20, 'tree_method': 'hist', 'use_label_encoder': False, 'eval_metric': 'logloss'}",0.8663101604278075,0.7863247863247863,3.9680628776550293
"{'n_estimators': 2000, 'learning_rate': 0.1, 'max_depth': 50, 'tree_method': 'hist', 'use_label_encoder': False, 'eval_metric': 'logloss'}",0.8663101604278075,0.7863247863247863,3.9370644092559814
"{'n_estimators': 2000, 'learning_rate': 0.1, 'max_depth': 100, 'tree_method': 'hist', 'use_label_encoder': False, 'eval_metric': 'logloss'}",0.8663101604278075,0.7863247863247863,4.024064540863037
"{'n_estimators': 2000, 'learning_rate': 0.2, 'max_depth': 3, 'tree_method': 'hist', 'use_label_encoder': False, 'eval_metric': 'logloss'}",0.8716577540106952,0.7931034482758621,2.3940370082855225
"{'n_estimators': 2000, 'learning_rate': 0.2, 'max_depth': 4, 'tree_method': 'hist', 'use_label_encoder': False, 'eval_metric': 'logloss'}",0.8609625668449198,0.7758620689655172,2.514040231704712
"{'n_estimators': 2000, 'learning_rate': 0.2, 'max_depth': 5, 'tree_method': 'hist', 'use_label_encoder': False, 'eval_metric': 'logloss'}",0.8609625668449198,0.7678571428571429,2.5470426082611084
"{'n_estimators': 2000, 'learning_rate': 0.2, 'max_depth': 6, 'tree_method': 'hist', 'use_label_encoder': False, 'eval_metric': 'logloss'}",0.8449197860962567,0.7433628318584071,2.640042304992676
"{'n_estimators': 2000, 'learning_rate': 0.2, 'max_depth': 10, 'tree_method': 'hist', 'use_label_encoder': False, 'eval_metric': 'logloss'}",0.8663101604278075,0.7863247863247863,2.7800452709198
"{'n_estimators': 2000, 'learning_rate': 0.2, 'max_depth': 20, 'tree_method': 'hist', 'use_label_encoder': False, 'eval_metric': 'logloss'}",0.8449197860962567,0.7563025210084033,3.0820515155792236
"{'n_estimators': 2000, 'learning_rate': 0.2, 'max_depth': 50, 'tree_method': 'hist', 'use_label_encoder': False, 'eval_metric': 'logloss'}",0.8449197860962567,0.7563025210084033,3.042048454284668
"{'n_estimators': 2000, 'learning_rate': 0.2, 'max_depth': 100, 'tree_method': 'hist', 'use_label_encoder': False, 'eval_metric': 'logloss'}",0.8449197860962567,0.7563025210084033,3.0150492191314697
"{'n_estimators': 2000, 'learning_rate': 0.5, 'max_depth': 3, 'tree_method': 'hist', 'use_label_encoder': False, 'eval_metric': 'logloss'}",0.8449197860962567,0.7478260869565218,1.9450294971466064
"{'n_estimators': 2000, 'learning_rate': 0.5, 'max_depth': 4, 'tree_method': 'hist', 'use_label_encoder': False, 'eval_metric': 'logloss'}",0.8716577540106952,0.7931034482758621,1.8840291500091553
"{'n_estimators': 2000, 'learning_rate': 0.5, 'max_depth': 5, 'tree_method': 'hist', 'use_label_encoder': False, 'eval_metric': 'logloss'}",0.8716577540106952,0.7857142857142857,2.027031660079956
"{'n_estimators': 2000, 'learning_rate': 0.5, 'max_depth': 6, 'tree_method': 'hist', 'use_label_encoder': False, 'eval_metric': 'logloss'}",0.8770053475935828,0.8,2.006032705307007
"{'n_estimators': 2000, 'learning_rate': 0.5, 'max_depth': 10, 'tree_method': 'hist', 'use_label_encoder': False, 'eval_metric': 'logloss'}",0.8502673796791443,0.7586206896551724,2.0550317764282227
"{'n_estimators': 2000, 'learning_rate': 0.5, 'max_depth': 20, 'tree_method': 'hist', 'use_label_encoder': False, 'eval_metric': 'logloss'}",0.8556149732620321,0.7652173913043478,2.4110372066497803
"{'n_estimators': 2000, 'learning_rate': 0.5, 'max_depth': 50, 'tree_method': 'hist', 'use_label_encoder': False, 'eval_metric': 'logloss'}",0.8556149732620321,0.7652173913043478,2.491039752960205
"{'n_estimators': 2000, 'learning_rate': 0.5, 'max_depth': 100, 'tree_method': 'hist', 'use_label_encoder': False, 'eval_metric': 'logloss'}",0.8556149732620321,0.7652173913043478,2.4380393028259277
"{'n_estimators': 5000, 'learning_rate': 0.01, 'max_depth': 3, 'tree_method': 'hist', 'use_label_encoder': False, 'eval_metric': 'logloss'}",0.8877005347593583,0.8141592920353983,6.193100690841675
"{'n_estimators': 5000, 'learning_rate': 0.01, 'max_depth': 4, 'tree_method': 'hist', 'use_label_encoder': False, 'eval_metric': 'logloss'}",0.8609625668449198,0.7678571428571429,8.653141736984253
"{'n_estimators': 5000, 'learning_rate': 0.01, 'max_depth': 5, 'tree_method': 'hist', 'use_label_encoder': False, 'eval_metric': 'logloss'}",0.8716577540106952,0.7931034482758621,10.942178726196289
"{'n_estimators': 5000, 'learning_rate': 0.01, 'max_depth': 6, 'tree_method': 'hist', 'use_label_encoder': False, 'eval_metric': 'logloss'}",0.8716577540106952,0.7931034482758621,13.140727996826172
"{'n_estimators': 5000, 'learning_rate': 0.01, 'max_depth': 10, 'tree_method': 'hist', 'use_label_encoder': False, 'eval_metric': 'logloss'}",0.8716577540106952,0.7931034482758621,15.832260847091675
"{'n_estimators': 5000, 'learning_rate': 0.01, 'max_depth': 20, 'tree_method': 'hist', 'use_label_encoder': False, 'eval_metric': 'logloss'}",0.8716577540106952,0.7894736842105263,17.332284212112427
"{'n_estimators': 5000, 'learning_rate': 0.01, 'max_depth': 50, 'tree_method': 'hist', 'use_label_encoder': False, 'eval_metric': 'logloss'}",0.8770053475935828,0.8,17.535800457000732
"{'n_estimators': 5000, 'learning_rate': 0.01, 'max_depth': 100, 'tree_method': 'hist', 'use_label_encoder': False, 'eval_metric': 'logloss'}",0.8770053475935828,0.8,17.592291355133057
"{'n_estimators': 5000, 'learning_rate': 0.05, 'max_depth': 3, 'tree_method': 'hist', 'use_label_encoder': False, 'eval_metric': 'logloss'}",0.8770053475935828,0.8034188034188035,6.426106691360474
"{'n_estimators': 5000, 'learning_rate': 0.05, 'max_depth': 4, 'tree_method': 'hist', 'use_label_encoder': False, 'eval_metric': 'logloss'}",0.8556149732620321,0.7652173913043478,7.102119207382202
"{'n_estimators': 5000, 'learning_rate': 0.05, 'max_depth': 5, 'tree_method': 'hist', 'use_label_encoder': False, 'eval_metric': 'logloss'}",0.8502673796791443,0.75,7.489124059677124
"{'n_estimators': 5000, 'learning_rate': 0.05, 'max_depth': 6, 'tree_method': 'hist', 'use_label_encoder': False, 'eval_metric': 'logloss'}",0.8449197860962567,0.7521367521367521,7.633123874664307
"{'n_estimators': 5000, 'learning_rate': 0.05, 'max_depth': 10, 'tree_method': 'hist', 'use_label_encoder': False, 'eval_metric': 'logloss'}",0.8663101604278075,0.7787610619469026,8.250135898590088
"{'n_estimators': 5000, 'learning_rate': 0.05, 'max_depth': 20, 'tree_method': 'hist', 'use_label_encoder': False, 'eval_metric': 'logloss'}",0.8663101604278075,0.7863247863247863,8.688658714294434
"{'n_estimators': 5000, 'learning_rate': 0.05, 'max_depth': 50, 'tree_method': 'hist', 'use_label_encoder': False, 'eval_metric': 'logloss'}",0.8663101604278075,0.7863247863247863,8.80066466331482
"{'n_estimators': 5000, 'learning_rate': 0.05, 'max_depth': 100, 'tree_method': 'hist', 'use_label_encoder': False, 'eval_metric': 'logloss'}",0.8663101604278075,0.7863247863247863,8.850093841552734
"{'n_estimators': 5000, 'learning_rate': 0.1, 'max_depth': 3, 'tree_method': 'hist', 'use_label_encoder': False, 'eval_metric': 'logloss'}",0.8663101604278075,0.782608695652174,5.817045211791992
"{'n_estimators': 5000, 'learning_rate': 0.1, 'max_depth': 4, 'tree_method': 'hist', 'use_label_encoder': False, 'eval_metric': 'logloss'}",0.8502673796791443,0.7586206896551724,6.086049318313599
"{'n_estimators': 5000, 'learning_rate': 0.1, 'max_depth': 5, 'tree_method': 'hist', 'use_label_encoder': False, 'eval_metric': 'logloss'}",0.8663101604278075,0.7787610619469026,6.110048294067383
"{'n_estimators': 5000, 'learning_rate': 0.1, 'max_depth': 6, 'tree_method': 'hist', 'use_label_encoder': False, 'eval_metric': 'logloss'}",0.8609625668449198,0.7719298245614035,6.095048904418945
"{'n_estimators': 5000, 'learning_rate': 0.1, 'max_depth': 10, 'tree_method': 'hist', 'use_label_encoder': False, 'eval_metric': 'logloss'}",0.8556149732620321,0.7692307692307693,6.4950525760650635
"{'n_estimators': 5000, 'learning_rate': 0.1, 'max_depth': 20, 'tree_method': 'hist', 'use_label_encoder': False, 'eval_metric': 'logloss'}",0.8663101604278075,0.7863247863247863,6.946056604385376
"{'n_estimators': 5000, 'learning_rate': 0.1, 'max_depth': 50, 'tree_method': 'hist', 'use_label_encoder': False, 'eval_metric': 'logloss'}",0.8663101604278075,0.7863247863247863,6.80457615852356
"{'n_estimators': 5000, 'learning_rate': 0.1, 'max_depth': 100, 'tree_method': 'hist', 'use_label_encoder': False, 'eval_metric': 'logloss'}",0.8663101604278075,0.7863247863247863,6.799052476882935
"{'n_estimators': 5000, 'learning_rate': 0.2, 'max_depth': 3, 'tree_method': 'hist', 'use_label_encoder': False, 'eval_metric': 'logloss'}",0.8716577540106952,0.7931034482758621,5.125072479248047
"{'n_estimators': 5000, 'learning_rate': 0.2, 'max_depth': 4, 'tree_method': 'hist', 'use_label_encoder': False, 'eval_metric': 'logloss'}",0.8556149732620321,0.7692307692307693,5.0140380859375
"{'n_estimators': 5000, 'learning_rate': 0.2, 'max_depth': 5, 'tree_method': 'hist', 'use_label_encoder': False, 'eval_metric': 'logloss'}",0.8502673796791443,0.7543859649122807,4.872039079666138
"{'n_estimators': 5000, 'learning_rate': 0.2, 'max_depth': 6, 'tree_method': 'hist', 'use_label_encoder': False, 'eval_metric': 'logloss'}",0.8556149732620321,0.7652173913043478,4.933040380477905
"{'n_estimators': 5000, 'learning_rate': 0.2, 'max_depth': 10, 'tree_method': 'hist', 'use_label_encoder': False, 'eval_metric': 'logloss'}",0.8716577540106952,0.7931034482758621,5.110090970993042
"{'n_estimators': 5000, 'learning_rate': 0.2, 'max_depth': 20, 'tree_method': 'hist', 'use_label_encoder': False, 'eval_metric': 'logloss'}",0.8556149732620321,0.773109243697479,5.349041223526001
"{'n_estimators': 5000, 'learning_rate': 0.2, 'max_depth': 50, 'tree_method': 'hist', 'use_label_encoder': False, 'eval_metric': 'logloss'}",0.8556149732620321,0.773109243697479,5.359806060791016
"{'n_estimators': 5000, 'learning_rate': 0.2, 'max_depth': 100, 'tree_method': 'hist', 'use_label_encoder': False, 'eval_metric': 'logloss'}",0.8556149732620321,0.773109243697479,5.385043621063232
"{'n_estimators': 5000, 'learning_rate': 0.5, 'max_depth': 3, 'tree_method': 'hist', 'use_label_encoder': False, 'eval_metric': 'logloss'}",0.8502673796791443,0.7543859649122807,4.290034055709839
"{'n_estimators': 5000, 'learning_rate': 0.5, 'max_depth': 4, 'tree_method': 'hist', 'use_label_encoder': False, 'eval_metric': 'logloss'}",0.8716577540106952,0.7931034482758621,4.13903021812439
"{'n_estimators': 5000, 'learning_rate': 0.5, 'max_depth': 5, 'tree_method': 'hist', 'use_label_encoder': False, 'eval_metric': 'logloss'}",0.8556149732620321,0.7610619469026548,4.268643617630005
"{'n_estimators': 5000, 'learning_rate': 0.5, 'max_depth': 6, 'tree_method': 'hist', 'use_label_encoder': False, 'eval_metric': 'logloss'}",0.8716577540106952,0.7894736842105263,4.1985485553741455
"{'n_estimators': 5000, 'learning_rate': 0.5, 'max_depth': 10, 'tree_method': 'hist', 'use_label_encoder': False, 'eval_metric': 'logloss'}",0.8556149732620321,0.7610619469026548,4.175031900405884
"{'n_estimators': 5000, 'learning_rate': 0.5, 'max_depth': 20, 'tree_method': 'hist', 'use_label_encoder': False, 'eval_metric': 'logloss'}",0.8556149732620321,0.7652173913043478,4.562036514282227
"{'n_estimators': 5000, 'learning_rate': 0.5, 'max_depth': 50, 'tree_method': 'hist', 'use_label_encoder': False, 'eval_metric': 'logloss'}",0.8556149732620321,0.7652173913043478,4.65009331703186
"{'n_estimators': 5000, 'learning_rate': 0.5, 'max_depth': 100, 'tree_method': 'hist', 'use_label_encoder': False, 'eval_metric': 'logloss'}",0.8556149732620321,0.7652173913043478,4.599038600921631
