Molecule Name,Type,C-Number,Dynamic Or Kinematic,Class,SMILES,Experimental_40C_Viscosity,Experimental_100C_Viscosity
2-heptyl-nonan-1-ol,Ester,16,Dynamic,Base Oil,CCCCCCCC(CO)CCCCCCC,15.72,2.17
2-hexyl-decan-1-ol,Ester,16,Dynamic,Base Oil,CCCCCCCCC(CO)CCCCCC,15.85,2.18
2-pentyl-undecan-1-ol,Ester,16,Dynamic,Base Oil,CCCCCCCCCC(CO)CCCCC,15.22,2.17
2-butyl-dodecan-1-ol,Ester,16,Dynamic,Base Oil,CCCCCCCCCCC(CO)CCCC,15.5,2.2
2-propyl-tridecan-1-ol,Ester,16,Dynamic,Base Oil,CCCCCCCCCCCC(CO)CCC,14.07,2.16
2-ethyl-tetradecan-1-ol,Ester,16,Dynamic,Base Oil,CCCCCCCCCCCCC(CC)CO,14.9,2.29
"1,7-dicyclopentyl-4-(3-cyclopentyl-propyl)-hept-3-ene",Alkene,25,Dynamic,Base Oil,C1CCC(C1)CCCC(CCCC2CCCC2)=CCCC3CCCC3,17,3.8
"2,11-dimethyl-dodeca-1,11-diene",Alkene,14,Dynamic,Base Oil,CC(=C)CCCCCCCCC(C)=C,1.2,0.55
"2,19-dimethyl-eicosa-1,19-diene",Alkene,22,Dynamic,Base Oil,CC(=C)CCCCCCCCCCCCCCCCC(C)=C,2.37,0.85
"2,2,3,5,5,6,6-heptamethyl-hept-3-ene",Alkene,14,Dynamic,Base Oil,CC(=CC(C)(C)C(C)(C)C)C(C)(C)C,2.06,0.81
"2,2,4,10,12,12-hexamethyl-7-(3,5,5-trimethylhexyl)-tridec-6-ene",Alkene,28,Dynamic,Base Oil,CC(CCC(CCC(C)CC(C)(C)C)=CCC(C)CC(C)(C)C)CC(C)(C)C,13.9,2.59
"3,12-diethyl-tetradeca-2,12-diene",Alkene,18,Dynamic,Base Oil,CCC(CCCCCCCCC(CC)=CC)=CC,2.52,1.09
5-butyl-non-4-ene,Alkene,13,Dynamic,Base Oil,CCCCC(CCCC)=CCCC,1.04,0.46
"1,1-diphenyl-hept-1-ene",Alkene,19,Dynamic,Base Oil,CCCCCC=C(c1ccccc1)c2ccccc2,8.42,1.81
9-octyl-heptadec-8-ene,Alkene,25,Dynamic,Base Oil,CCCCCCCCC(CCCCCCCC)=CCCCCCCC,5.87,1.68
undec-1-ene,Alkene,11,Dynamic,Base Oil,CCCCCCCCCC=C,0.78,0.41
tridec-1-ene,Alkene,13,Dynamic,Base Oil,CCCCCCCCCCCC=C,1.17,0.55
tetradec-1-ene,Alkene,14,Dynamic,Base Oil,CCCCCCCCCCCCC=C,1.41,0.64
pentadec-1-ene,Alkene,15,Dynamic,Base Oil,CCCCCCCCCCCCCC=C,1.7,0.74
hexadec-1-ene,Alkene,16,Dynamic,Base Oil,CCCCCCCCCCCCCCC=C,2.02,0.84
2-methyl-heptadec-2-ene,Alkene,18,Dynamic,Base Oil,CCCCCCCCCCCCCCC=C(C)C,2.34,0.87
3-ethyl-octadec-2-ene,Alkene,20,Dynamic,Base Oil,CCCCCCCCCCCCCCCC(CC)=CC,3.11,1.06
4-propyl-nonadec-3-ene,Alkene,22,Dynamic,Base Oil,CCCCCCCCCCCCCCCC(CCC)=CCC,4.72,1.52
5-butyl-eicos-4-ene,Alkene,24,Dynamic,Base Oil,CCCCCCCCCCCCCCCC(CCCC)=CCCC,6.03,1.86
octadec-1-ene,Alkene,18,Dynamic,Base Oil,CCCCCCCCCCCCCCCCC=C,2.79,1.07
nonadec-1-ene,Alkene,19,Dynamic,Base Oil,CCCCCCCCCCCCCCCCCC=C,3.26,1.21
eicos-1-ene,Alkene,20,Dynamic,Base Oil,CCCCCCCCCCCCCCCCCCC=C,3.77,1.35
triisopentylamine,Amine,15,Dynamic,Additive,CC(C)CCN(CCC(C)C)CCC(C)C,1.7,0.68
trioctylamine,Amine,24,Dynamic,Base Oil,CCCCCCCCN(CCCCCCCC)CCCCCCCC,8.18,1.73
triheptylamine,Amine,21,Dynamic,Additive,CCCCCCCN(CCCCCCC)CCCCCCC,4.07,1.35
diheptylamine,Amine,14,Dynamic,Base Oil,CCCCCCCNCCCCCCC,2.215,0.88
trihexylamine,Amine,18,Dynamic,Additive,CCCCCCN(CCCCCC)CCCCCC,2.78,0.99
tripentylamine,Amine,15,Dynamic,Additive,CCCCCN(CCCCC)CCCCC,1.67,0.71
dipentylamine,Amine,10,Dynamic,Additive,CCCCCNCCCCC,1.1,0.487
tributylamine,Amine,12,Dynamic,Additive,CCCCN(CCCC)CCCC,0.99,0.47
methyl-diphenyl-amine,Amine,13,Dynamic,Additive,CN(c1ccccc1)c2ccccc2,3.84,1.369
diphenylamine,Amine,12,Dynamic,Additive,N(c1ccccc1)c2ccccc2,8.52,1.59
1-benzyl-naphthalene,Aromatic,17,Kinematic,Base Oil,C(c1ccccc1)c2cccc3ccccc23,10.9,2.4
diphenylmethane,Aromatic,13,Dynamic,Base Oil,C(c1ccccc1)c2ccccc2,2.1,0.93
"1,7-diphenyl-4-(3-phenyl-propyl)-hept-3-ene",Aromatic,28,Dynamic,Base Oil,C(CC(CCCc1ccccc1)=CCCc2ccccc2)Cc3ccccc3,23.96,3.81
"1,4,7-triphenyl-heptane",Aromatic,25,Kinematic,Base Oil,C(CC(CCCc1ccccc1)c2ccccc2)Cc3ccccc3,46.28,5.49
"4-benzyl-1,7-diphenyl-heptane",Aromatic,26,Kinematic,Base Oil,C(CC(CCCc1ccccc1)Cc2ccccc2)Cc3ccccc3,35.01,3.6
"1,7-diphenyl-4-phenethyl-heptane",Aromatic,27,Kinematic,Base Oil,C(CC(CCCc1ccccc1)CCc2ccccc2)Cc3ccccc3,26.73,4.58
"1,7-diphenyl-4-(3-phenyl-propyl)-heptane",Aromatic,28,Dynamic,Base Oil,C(CC(CCCc1ccccc1)CCCc2ccccc2)Cc3ccccc3,30.57,4.22
"3-phenethyl-1,5-diphenyl-pent-2-ene",Aromatic,25,Dynamic,Base Oil,C(Cc1ccccc1)C(CCc2ccccc2)=CCc3ccccc3,8.06,3.19
"3-phenethyl-1,5-diphenyl-pentane",Aromatic,25,Dynamic,Base Oil,C(Cc1ccccc1)C(CCc2ccccc2)CCc3ccccc3,24.1,3.43
"1,3-diphenyl-propane",Aromatic,15,Kinematic,Base Oil,C(Cc1ccccc1)Cc2ccccc2,3.62,1.3
"1,5-diphenyl-pentane",Aromatic,17,Kinematic,Base Oil,C(CCc1ccccc1)CCc2ccccc2,5,1.62
"1,6-diphenyl-hexane",Aromatic,18,Dynamic,Base Oil,C(CCCc1ccccc1)CCc2ccccc2,5.74,1.75
"1,10-diphenyl-decane",Aromatic,22,Dynamic,Base Oil,C(CCCCCc1ccccc1)CCCCc2ccccc2,9.08,2.46
"1,1-diphenyl-ethene",Aromatic,14,Dynamic,Base Oil,C=C(c1ccccc1)c2ccccc2,4.9,1.17
5-cyclopentyl-indan,Aromatic,14,Kinematic,Base Oil,C1CCC(C1)c2ccc3CCCc3c2,5.85,1.4
cyclopentyl-benzene,Aromatic,11,Dynamic,Base Oil,C1CCC(C1)c2ccccc2,1.306,0.65
dicyclopentyl-benzene,Aromatic,16,Kinematic,Base Oil,C1CCC(C1)c2ccccc2C3CCCC3,5.77,1.85
6-cyclopentyl-3-phenethyl-1-phenyl-hexane,Aromatic,25,Dynamic,Base Oil,C1CCC(C1)CCCC(CCc2ccccc2)CCc3ccccc3,18.07,3.11
"1,7-dicyclopentyl-4-phenethyl-heptane",Aromatic,25,Dynamic,Base Oil,C1CCC(C1)CCCC(CCCC2CCCC2)CCc3ccccc3,17.41,3.21
1-cyclopentyl-3-phenyl-propane,Aromatic,14,Dynamic,Base Oil,C1CCC(C1)CCCc2ccccc2,2.29,0.98
5-cyclohexyl-indan,Aromatic,15,Dynamic,Base Oil,C1CCC(CC1)c2ccc3CCCc3c2,7.77,1.65
cyclohexyl-tetrahydro-naphthalene,Aromatic,16,Kinematic,Base Oil,C1CCC(CC1)C2CCCc3ccccc23,18.9,0.96
cyclohexylbenzene,Aromatic,12,Dynamic,Base Oil,C1CCC(CC1)c2ccccc2,1.97,0.77
1-cyclohexyl-2-(4-benzyl-phenyl)-ethane,Aromatic,21,Kinematic,Base Oil,C1CCC(CC1)CCc2ccc(Cc3ccccc3)cc2,24.48,3.58
1-cyclohexyl-2-phenyl-ethane,Aromatic,14,Dynamic,Base Oil,C1CCC(CC1)CCc2ccccc2,2.92,1.09
7-cyclohexyl-4-phenethyl-1-phenyl-heptane,Aromatic,27,Kinematic,Base Oil,C1CCC(CC1)CCCC(CCCc2ccccc2)CCc3ccccc3,35.35,4.65
5-tert-butyl-indan,Aromatic,13,Kinematic,Base Oil,CC(C)(C)c1ccc2CCCc2c1,3.05,1.2
"1-(1,1,3,3-tetramethyl-butyl)-naphthalene",Aromatic,18,Kinematic,Base Oil,CC(C)(C)CC(C)(C)c1cccc2ccccc12,26.69,3.05
"2,2-diphenyl-propane",Aromatic,15,Kinematic,Base Oil,CC(C)(c1ccccc1)c2ccccc2,4.56,1.41
(1-isopropyl-2-methyl-propyl)-benzene,Aromatic,13,Kinematic,Base Oil,CC(C)C(C(C)C)c1ccccc1,1.97,0.85
cyclopentyl-1-methyl-4-isopropyl-benzene,Aromatic,15,Kinematic,Base Oil,CC(C)c1ccc(C)c(c1)C2CCCC2,4.05,1.29
1-phenyl-1-(4-isopropyl-phenyl)-ethane,Aromatic,17,Dynamic,Base Oil,CC(C)c1ccc(cc1)C(C)c2ccccc2,6.62,1.44
1-benzyl-4-isopropyl-benzene,Aromatic,16,Kinematic,Base Oil,CC(C)c1ccc(Cc2ccccc2)cc1,3.09,1.23
3-isopropyl-phenanthrene,Aromatic,17,Kinematic,Base Oil,CC(C)c1ccc2ccc3ccccc3c2c1,23.9,2.9
1-(1-methylethyl)-naphthalene,Aromatic,13,Kinematic,Base Oil,CC(C)c1cccc2ccccc12,3.18,1.09
"isopropyl-1,2,3,4-tetrahydro-naphthalene",Aromatic,13,Dynamic,Base Oil,CC(C)C1CCCc2ccccc12,2.63,0.9
cyclopentyl-isopropyl-benzene,Aromatic,14,Kinematic,Base Oil,CC(C)c1ccccc1C2CCCC2,2.66,1.11
"2-(1-methylethyl)-1,1'-biphenyl",Aromatic,15,Dynamic,Base Oil,CC(C)c1ccccc1c2ccccc2,5.75,1.45
1-isobutyl-naphthalene,Aromatic,14,Kinematic,Base Oil,CC(C)Cc1cccc2ccccc12,4.4,1.3
"5-isobutyl-1,2,3,4-tetrahydro-naphthalene",Aromatic,14,Kinematic,Base Oil,CC(C)Cc1cccc2CCCCc12,4.41,1.32
2-isobutyl-biphenyl,Aromatic,16,Kinematic,Base Oil,CC(C)Cc1ccccc1c2ccccc2,6,1.46
"(1,1,4-trimethyl-pentyl)-benzene",Aromatic,14,Kinematic,Base Oil,CC(C)CCC(C)(C)c1ccccc1,2.26,0.96
5-isooctyl-indan,Aromatic,17,Kinematic,Base Oil,CC(C)CCCCCc1ccc2CCCc2c1,11.1,2.2
"1-(2,5-dimethyl-phenyl)-1-phenyl-ethane",Aromatic,16,Dynamic,Base Oil,CC(c1ccccc1)c2cc(C)ccc2C,23.9,1.77
1-phenyl-1-(4-methyl-phenyl)-ethane,Aromatic,15,Kinematic,Base Oil,CC(c1ccccc1)c2ccc(C)cc2,4.5,1.11
"1,1-diphenyl-ethane",Aromatic,14,Dynamic,Base Oil,CC(c1ccccc1)c2ccccc2,3.78,1.16
1-cyclohexyl-1-phenyl-ethane,Aromatic,14,Dynamic,Base Oil,CC(C1CCCCC1)c2ccccc2,3.91,1.23
"1,2-diphenyl-propane",Aromatic,15,Dynamic,Base Oil,CC(Cc1ccccc1)c2ccccc2,4.14,1.28
"2-methyl-1,3-diphenyl-propane",Aromatic,16,Kinematic,Base Oil,CC(Cc1ccccc1)Cc2ccccc2,5.42,1.49
"1-cyclopentyl-2,4,6-trimethyl-benzene",Aromatic,14,Kinematic,Base Oil,Cc1cc(C)c(C2CCCC2)c(C)c1,4.59,1.39
"2-cyclohexylmethyl-1,4-dimethyl-benzene",Aromatic,15,Kinematic,Base Oil,Cc1ccc(C)c(CC2CCCCC2)c1,7.59,1.72
"1,2-dimethyl-4-(tert-butyl)-benzene",Aromatic,12,Dynamic,Base Oil,Cc1ccc(cc1C)C(C)(C)C,1.69,0.66
1-methyl-4-(phenylmethyl)-benzene,Aromatic,14,Kinematic,Base Oil,Cc1ccc(Cc2ccccc2)cc1,2.28,0.99
"1,2-dimethyl-4-(phenylmethyl)-benzene",Aromatic,15,Kinematic,Base Oil,Cc1ccc(Cc2ccccc2)cc1C,4.81,1.54
dicyclopentyl-toluene,Aromatic,17,Kinematic,Base Oil,Cc1cccc(C2CCCC2)c1C3CCCC3,9.03,2.14
1-methyl-3-(phenylmethyl)-benzene,Aromatic,14,Kinematic,Base Oil,Cc1cccc(Cc2ccccc2)c1,2.56,1.05
"2-methyl-1,1'-biphenyl",Aromatic,13,Dynamic,Base Oil,Cc1ccccc1c2ccccc2,3.16,1.05
cyclohexyl-toluene,Aromatic,13,Dynamic,Base Oil,Cc1ccccc1C2CCCCC2,2.77,0.84
1-methyl-2-(phenylmethyl)-benzene,Aromatic,14,Kinematic,Base Oil,Cc1ccccc1Cc2ccccc2,3.24,1.16
"2,2-diphenyl-butane",Aromatic,16,Kinematic,Base Oil,CCC(C)(c1ccccc1)c2ccccc2,7.5,1.77
"1,4-bis-(sec-butyl)-1,2,3,4-tetrahydro-naphthalene",Aromatic,18,Dynamic,Base Oil,CCC(C)C1CCC(C(C)CC)c2ccccc12,21.1,2.13
1-benzyl-4-sec-butyl-benzene,Aromatic,17,Kinematic,Base Oil,CCC(C)c1ccc(Cc2ccccc2)cc1,3.92,1.42
"sec-butyl-1,2,3,4-tetrahydro-naphthalene",Aromatic,14,Dynamic,Base Oil,CCC(C)C1CCCc2ccccc12,3.67,1.04
2-sec-butyl-biphenyl,Aromatic,16,Kinematic,Base Oil,CCC(C)c1ccccc1c2ccccc2,7.07,1.57
1-benzyl-2-sec-butyl-benzene,Aromatic,17,Kinematic,Base Oil,CCC(C)c1ccccc1Cc2ccccc2,5.5,1.54
"1,1-diphenyl-propane",Aromatic,15,Kinematic,Base Oil,CCC(c1ccccc1)c2ccccc2,3.7,1.22
"1,2-diphenyl-butane",Aromatic,16,Kinematic,Base Oil,CCC(Cc1ccccc1)c2ccccc2,5.02,1.41
"9,10-diethyl-9,10-dihydro-anthracene",Aromatic,18,Dynamic,Base Oil,CCC1c2ccccc2C(CC)c3ccccc13,31.5,2.95
1-(4-ethyl-phenyl)-1-phenyl-ethane,Aromatic,16,Dynamic,Base Oil,CCc1ccc(cc1)C(C)c2ccccc2,4.58,1.23
1-ethyl-4-(phenylmethyl)-benzene,Aromatic,15,Kinematic,Base Oil,CCc1ccc(Cc2ccccc2)cc1,2.48,1.07
"3-ethyl-1,1'-biphenyl",Aromatic,14,Kinematic,Base Oil,CCc1cccc(c1)c2ccccc2,3.38,1.17
1-ethyl-3-(phenylmethyl)-benzene,Aromatic,15,Kinematic,Base Oil,CCc1cccc(Cc2ccccc2)c1,2.69,1.12
1-ethyl-naphthalene,Aromatic,12,Kinematic,Base Oil,CCc1cccc2ccccc12,2.57,0.99
"1-ethyl-1,2,3,4-tetrahydro-naphthalene",Aromatic,12,Dynamic,Base Oil,CCC1CCCc2ccccc12,2.2,0.92
"2-ethyl-1,1'-biphenyl",Aromatic,14,Kinematic,Base Oil,CCc1ccccc1c2ccccc2,3.42,1.15
1-ethyl-2-(phenylmethyl)-benzene,Aromatic,15,Kinematic,Base Oil,CCc1ccccc1Cc2ccccc2,3.41,1.22
"1,1-diphenyl-butane",Aromatic,16,Kinematic,Base Oil,CCCC(c1ccccc1)c2ccccc2,4.35,1.36
3-phenyl-hexane,Aromatic,12,Dynamic,Base Oil,CCCC(CC)c1ccccc1,1.31,0.64
2-benzyl-1-phenyl-pentane,Aromatic,18,Kinematic,Base Oil,CCCC(Cc1ccccc1)Cc2ccccc2,7.13,1.65
1-(4-methyl-phenyl)-1-(4-propyl-phenyl)-ethane,Aromatic,18,Dynamic,Base Oil,CCCc1ccc(cc1)C(C)c2ccc(C)cc2,6.75,2.14
1-benzyl-4-propyl-benzene,Aromatic,16,Kinematic,Base Oil,CCCc1ccc(Cc2ccccc2)cc1,3.25,1.27
2-propyl-naphthalene,Aromatic,13,Dynamic,Base Oil,CCCc1ccc2ccccc2c1,3.18,1.09
"2-propyl-1,1'-biphenyl",Aromatic,15,Dynamic,Base Oil,CCCc1ccccc1c2ccccc2,4.42,1.32
"5,14-diphenyl-octadeca-5,13-diene",Aromatic,30,Kinematic,Base Oil,CCCCC(=CCCCCCCC=C(CCCC)c1ccccc1)c2ccccc2,26.93,4.49
"(1,1-dimethyl-pentyl)-benzene",Aromatic,13,Kinematic,Base Oil,CCCCC(C)(C)c1ccccc1,1.71,0.77
1-(1-ethyl-1-methyl-pentyl)-naphthalene,Aromatic,18,Kinematic,Base Oil,CCCCC(C)(CC)c1cccc2ccccc12,17.27,2.25
"1,1-diphenyl-pentane",Aromatic,17,Kinematic,Base Oil,CCCCC(c1ccccc1)c2ccccc2,6.33,1.59
1-(2-ethyl-hexyl)-naphthalene,Aromatic,18,Kinematic,Base Oil,CCCCC(CC)Cc1cccc2ccccc12,13.11,1.93
"5,14-diphenyl-octadecane",Aromatic,30,Kinematic,Base Oil,CCCCC(CCCCCCCCC(CCCC)c1ccccc1)c2ccccc2,32.35,4.84
1-benzyl-4-butyl-benzene,Aromatic,17,Kinematic,Base Oil,CCCCc1ccc(Cc2ccccc2)cc1,3.65,1.41
1-butyl-naphthalene,Aromatic,14,Dynamic,Base Oil,CCCCc1cccc2ccccc12,3.93,1.27
"1-butyl-1,2,3,4-tetrahydro-naphthalene",Aromatic,14,Kinematic,Base Oil,CCCCC1CCCc2ccccc12,3.91,1.3
2-butyl-biphenyl,Aromatic,16,Dynamic,Base Oil,CCCCc1ccccc1c2ccccc2,4.85,1.41
1-benzyl-2-butyl-benzene,Aromatic,17,Kinematic,Base Oil,CCCCc1ccccc1Cc2ccccc2,4.75,1.48
"1,1-diphenyl-hexane",Aromatic,18,Kinematic,Base Oil,CCCCCC(c1ccccc1)c2ccccc2,6.95,1.75
1-pentyl-naphthalene,Aromatic,15,Dynamic,Base Oil,CCCCCc1cccc2ccccc12,4.94,1.48
"1-pentyl-1,2,3,4-tetrahydro-naphthalene",Aromatic,15,Kinematic,Base Oil,CCCCCC1CCCc2ccccc12,4.28,1.38
pentylbenzene,Aromatic,11,Dynamic,Base Oil,CCCCCc1ccccc1,0.976,0.492
7-phenyl-tridec-6-ene,Aromatic,19,Dynamic,Base Oil,CCCCCCC(=CCCCCC)c1ccccc1,4.05,1.23
1-(1-methyl-heptyl)-naphthalene,Aromatic,18,Kinematic,Base Oil,CCCCCCC(C)c1cccc2ccccc12,8.38,1.8
(1-methyl-heptyl)-benzene,Aromatic,14,Dynamic,Base Oil,CCCCCCC(C)c1ccccc1,1.77,0.72
"1,1-diphenyl-heptane",Aromatic,19,Dynamic,Base Oil,CCCCCCC(c1ccccc1)c2ccccc2,7.85,1.76
2-(1-propyl-heptyl)-naphthalene,Aromatic,20,Kinematic,Base Oil,CCCCCCC(CCC)c1ccc2ccccc2c1,14.6,2.53
1-cyclohexyl-4-phenethyl-decane,Aromatic,24,Dynamic,Base Oil,CCCCCCC(CCCC1CCCCC1)CCc2ccccc2,33.96,2.67
"4-hexyl-1,7-diphenyl-heptane",Aromatic,25,Kinematic,Base Oil,CCCCCCC(CCCc1ccccc1)CCCc2ccccc2,17.22,3.21
[4-(3-cyclohexyl-propyl)-decyl]-benzene,Aromatic,25,Kinematic,Base Oil,CCCCCCC(CCCC1CCCCC1)CCCc2ccccc2,29.8,2.58
2-(1-pentyl-heptyl)-naphthalene,Aromatic,22,Kinematic,Base Oil,CCCCCCC(CCCCC)c1ccc2ccccc2c1,20.05,3.26
7-(4-cyclopentyl-phenyl)-tridecane,Aromatic,24,Dynamic,Base Oil,CCCCCCC(CCCCCC)c1ccc(cc1)C2CCCC2,41.32,3.27
"3-hexyl-6-phenyl-cyclohexa-1,4-diene",Aromatic,18,Kinematic,Base Oil,CCCCCCC1C=CC(C=C1)c2ccccc2,6.99,1.12
2-butyl-3-hexyl-naphthalene,Aromatic,20,Kinematic,Base Oil,CCCCCCc1cc2ccccc2cc1CCCC,11.19,2.16
"2,3-dihexyl-naphthalene",Aromatic,22,Kinematic,Base Oil,CCCCCCc1cc2ccccc2cc1CCCCCC,15.2,2.98
"6,7-dihexyl-1,2,3,4-tetrahydro-naphthalene",Aromatic,22,Kinematic,Base Oil,CCCCCCc1cc2CCCCc2cc1CCCCCC,9.76,2.24
"1,2,4-trihexyl-benzene",Aromatic,24,Kinematic,Base Oil,CCCCCCc1ccc(CCCCCC)c(CCCCCC)c1,13.88,2.16
tetrahexyl-benzene,Aromatic,30,Kinematic,Base Oil,CCCCCCc1ccc(CCCCCC)c(CCCCCC)c1CCCCCC,42.19,5.07
"1,4-dihexyl-benzene",Aromatic,18,Dynamic,Base Oil,CCCCCCc1ccc(CCCCCC)cc1,4.48,1.25
"2,6-dihexyl-naphthalene",Aromatic,22,Kinematic,Base Oil,CCCCCCc1ccc2cc(CCCCCC)ccc2c1,12.31,2.95
2-hexyl-naphthalene,Aromatic,16,Dynamic,Base Oil,CCCCCCc1ccc2ccccc2c1,4.28,1.33
trihexyl-benzene,Aromatic,24,Kinematic,Base Oil,CCCCCCc1cccc(CCCCCC)c1CCCCCC,22.48,3.58
7-butyl-1-hexyl-naphthalene,Aromatic,20,Kinematic,Base Oil,CCCCCCc1cccc2ccc(CCCC)cc12,10.04,2.12
"1,2,3,4-tetrahydro-7-butyl-1-hexyl-naphthalene",Aromatic,20,Kinematic,Base Oil,CCCCCCC1CCCc2ccc(CCCC)cc12,9.83,2.02
hexylbenzene,Aromatic,12,Dynamic,Base Oil,CCCCCCc1ccccc1,1.2,0.57
dihexyl-benzene,Aromatic,18,Kinematic,Base Oil,CCCCCCc1ccccc1CCCCCC,5.67,1.66
2-phenyl-nonane,Aromatic,15,Kinematic,Base Oil,CCCCCCCC(C)c1ccccc1,2.59,1.05
"1,5-diphenyl-3-heptyl-pentane",Aromatic,24,Dynamic,Base Oil,CCCCCCCC(CCc1ccccc1)CCc2ccccc2,18.74,2.32
"1,2-dimethyl-4-heptyl-benzene",Aromatic,15,Dynamic,Base Oil,CCCCCCCc1ccc(C)c(C)c1,4.58,0.99
triheptyl-benzene,Aromatic,27,Kinematic,Base Oil,CCCCCCCc1cccc(CCCCCCC)c1CCCCCCC,26.38,4.17
monoheptyl-tetrahydro-naphthalene,Aromatic,17,Kinematic,Base Oil,CCCCCCCC1CCCc2ccccc12,9.2,2.1
heptyl-benzene,Aromatic,13,Dynamic,Base Oil,CCCCCCCc1ccccc1,1.45,0.66
diheptyl-benzene,Aromatic,20,Kinematic,Base Oil,CCCCCCCc1ccccc1CCCCCCC,7.4,1.94
2-phenyl-decane,Aromatic,16,Kinematic,Base Oil,CCCCCCCCC(C)c1ccccc1,2.92,1.11
2-(1-propyl-nonyl)-naphthalene,Aromatic,22,Kinematic,Base Oil,CCCCCCCCC(CCC)c1ccc2ccccc2c1,17.49,3.09
1-phenyl-3-phenethyl-undecane,Aromatic,25,Dynamic,Base Oil,CCCCCCCCC(CCc1ccccc1)CCc2ccccc2,10.97,2.35
9-phenethyl-heptadecane,Aromatic,25,Dynamic,Base Oil,CCCCCCCCC(CCCCCCCC)CCc1ccccc1,7.65,1.92
"2,6-dimethyl-3-octyl-naphthalene",Aromatic,20,Kinematic,Base Oil,CCCCCCCCc1cc2cc(C)ccc2cc1C,5.92,2.39
"1,2,3,4-tetrahydro-2,6-dimethyl-7-octyl-naphthalene",Aromatic,20,Kinematic,Base Oil,CCCCCCCCc1cc2CC(C)CCc2cc1C,11.24,2.13
2-octyl-naphthalene,Aromatic,18,Kinematic,Base Oil,CCCCCCCCc1ccc2ccccc2c1,6.02,1.86
"1,4-dimethyl-5-octyl-naphthalene",Aromatic,20,Kinematic,Base Oil,CCCCCCCCc1cccc2c(C)ccc(C)c12,13.01,2.43
1-octyl-naphthalene,Aromatic,18,Kinematic,Base Oil,CCCCCCCCc1cccc2ccccc12,7.94,1.85
octylbenzene,Aromatic,14,Dynamic,Base Oil,CCCCCCCCc1ccccc1,1.73,0.74
dioctyl-benzene,Aromatic,22,Kinematic,Base Oil,CCCCCCCCc1ccccc1CCCCCCCC,10.52,2.47
"1,7-diphenyl-4-nonyl-heptane",Aromatic,28,Dynamic,Base Oil,CCCCCCCCCC(CCCc1ccccc1)CCCc2ccccc2,44.33,3.09
"6-(2,4,5-trimethyl-phenyl)-pentadecane",Aromatic,24,Dynamic,Base Oil,CCCCCCCCCC(CCCCC)c1cc(C)c(C)cc1C,48.4,2.83
9-(4-methyl-phenyl)-octadecane,Aromatic,25,Dynamic,Base Oil,CCCCCCCCCC(CCCCCCCC)c1ccc(C)cc1,12.1,2.42
trinonyl-benzene,Aromatic,33,Kinematic,Base Oil,CCCCCCCCCc1cccc(CCCCCCCCC)c1CCCCCCCCC,17.76,5.31
1-phenyl-nonane,Aromatic,15,Dynamic,Base Oil,CCCCCCCCCc1ccccc1,2.09,0.95
dinonyl-benzene,Aromatic,24,Kinematic,Base Oil,CCCCCCCCCc1ccccc1CCCCCCCCC,12.15,2.74
"11-(2,5-dimethyl-phenyl)-heneicos-10-ene",Aromatic,29,Dynamic,Base Oil,CCCCCCCCCCC(=CCCCCCCCCC)c1cc(C)ccc1C,15.73,3.01
11-naphthalen-1-yl-heneicos-10-ene,Aromatic,31,Dynamic,Base Oil,CCCCCCCCCCC(=CCCCCCCCCC)c1cccc2ccccc12,29.92,4.47
11-phenyl-heneicos-10-ene,Aromatic,27,Kinematic,Base Oil,CCCCCCCCCCC(=CCCCCCCCCC)c1ccccc1,10.23,2.37
3-(2-cyclohexyl-ethyl)-1-phenyl-tridecane,Aromatic,27,Kinematic,Base Oil,CCCCCCCCCCC(CCC1CCCCC1)CCc2ccccc2,14.16,2.42
"11-(2,5-dimethyl-phenyl)-heneicosane",Aromatic,29,Dynamic,Base Oil,CCCCCCCCCCC(CCCCCCCCCC)c1cc(C)ccc1C,20.48,3.46
"11-(5,6,7,8-tetrahydro-naphthalen-1-yl)-heneicosane",Aromatic,31,Dynamic,Base Oil,CCCCCCCCCCC(CCCCCCCCCC)c1cccc2CCCCc12,38.32,5.01
11-phenyl-heneicosane,Aromatic,27,Dynamic,Base Oil,CCCCCCCCCCC(CCCCCCCCCC)c1ccccc1,12.2,2.65
11-benzyl-heneicosane,Aromatic,28,Kinematic,Base Oil,CCCCCCCCCCC(CCCCCCCCCC)Cc1ccccc1,10.54,2.84
3-phenyl-tetradec-3-ene,Aromatic,20,Kinematic,Base Oil,CCCCCCCCCCC=C(CC)c1ccccc1,6.27,1.76
5-phenyl-hexadec-5-ene,Aromatic,22,Kinematic,Base Oil,CCCCCCCCCCC=C(CCCC)c1ccccc1,6.41,1.9
"1,4-dimethyl-2-decyl-benzene",Aromatic,18,Dynamic,Base Oil,CCCCCCCCCCc1cc(C)ccc1C,9.4,1.35
"1,4-didecyl-benzene",Aromatic,26,Dynamic,Base Oil,CCCCCCCCCCc1ccc(CCCCCCCCCC)cc1,10.21,2.57
2-decyl-naphthalene,Aromatic,20,Dynamic,Base Oil,CCCCCCCCCCc1ccc2ccccc2c1,7.17,1.96
"1,3-didecyl-benzene",Aromatic,26,Kinematic,Base Oil,CCCCCCCCCCc1cccc(CCCCCCCCCC)c1,10.95,2.39
1-decyl-naphthalene,Aromatic,20,Kinematic,Base Oil,CCCCCCCCCCc1cccc2ccccc12,10.1,2.41
decyl-benzene,Aromatic,16,Dynamic,Base Oil,CCCCCCCCCCc1ccccc1,2.46,0.98
didecyl-benzene,Aromatic,26,Kinematic,Base Oil,CCCCCCCCCCc1ccccc1CCCCCCCCCC,15.73,3.25
"1,1-bis-(4-methyl-phenyl)-dodecane",Aromatic,26,Dynamic,Base Oil,CCCCCCCCCCCC(c1ccc(C)cc1)c2ccc(C)cc2,21.23,3.32
"1,1-diphenyl-dodecane",Aromatic,24,Dynamic,Base Oil,CCCCCCCCCCCC(c1ccccc1)c2ccccc2,29.48,2.66
5-phenyl-hexadecane,Aromatic,22,Kinematic,Base Oil,CCCCCCCCCCCC(CCCC)c1ccccc1,7.57,2.03
7-phenyl-octadecane,Aromatic,24,Dynamic,Base Oil,CCCCCCCCCCCC(CCCCCC)c1ccccc1,12.86,2.1
8-(4-methyl-phenyl)-nonadecane,Aromatic,26,Dynamic,Base Oil,CCCCCCCCCCCC(CCCCCCC)c1ccc(C)cc1,13.4,2.61
11-naphthalen-1-yl-docosane,Aromatic,32,Kinematic,Base Oil,CCCCCCCCCCCC(CCCCCCCCCC)c1cccc2ccccc12,37.4,5.58
"11-(5,6,7,8-tetrahydro-naphthalen-1-yl)-docosane",Aromatic,32,Kinematic,Base Oil,CCCCCCCCCCCC(CCCCCCCCCC)c1cccc2CCCCc12,38.65,5.64
1-phenyl-undecane,Aromatic,17,Dynamic,Base Oil,CCCCCCCCCCCc1ccccc1,2.89,1.1
diundecyl-benzene,Aromatic,28,Kinematic,Base Oil,CCCCCCCCCCCc1ccccc1CCCCCCCCCCC,20.21,3.9
13-phenyl-pentacosane,Aromatic,31,Dynamic,Base Oil,CCCCCCCCCCCCC(CCCCCCCCCCCC)c1ccccc1,17.72,3.51
"1,1-diphenyl-tetradec-1-ene",Aromatic,26,Dynamic,Base Oil,CCCCCCCCCCCCC=C(c1ccccc1)c2ccccc2,16.65,3.03
1-(5-isopropyl-2-methyl-phenyl)-dodecane,Aromatic,22,Kinematic,Base Oil,CCCCCCCCCCCCc1cc(ccc1C)C(C)C,9.86,2.39
1-(4-ethyl-phenyl)-dodecane,Aromatic,20,Kinematic,Base Oil,CCCCCCCCCCCCc1ccc(CC)cc1,5.18,1.86
2-dodecyl-naphthalene,Aromatic,22,Kinematic,Base Oil,CCCCCCCCCCCCc1ccc2ccccc2c1,9.83,2.35
1-dodecyl-naphthalene,Aromatic,22,Kinematic,Base Oil,CCCCCCCCCCCCc1cccc2ccccc12,12.86,3.01
dodecylbenzene,Aromatic,18,Dynamic,Base Oil,CCCCCCCCCCCCc1ccccc1,3.37,1.23
"1,1-diphenyl-tetradecane",Aromatic,26,Dynamic,Base Oil,CCCCCCCCCCCCCC(c1ccccc1)c2ccccc2,15.35,3.13
1-phenyl-tridecane,Aromatic,19,Dynamic,Base Oil,CCCCCCCCCCCCCc1ccccc1,3.91,1.36
"1,1-diphenyl-hexadec-1-ene",Aromatic,28,Dynamic,Base Oil,CCCCCCCCCCCCCCC=C(c1ccccc1)c2ccccc2,19.11,3.72
1-phenyl-2-benzyl-heptadec-2-ene,Aromatic,30,Dynamic,Base Oil,CCCCCCCCCCCCCCC=C(Cc1ccccc1)Cc2ccccc2,25.73,4.26
1-phenyl-tetradecane,Aromatic,20,Dynamic,Base Oil,CCCCCCCCCCCCCCc1ccccc1,4.51,1.51
"1,1-diphenyl-hexadecane",Aromatic,28,Dynamic,Base Oil,CCCCCCCCCCCCCCCC(c1ccccc1)c2ccccc2,18.95,3.71
1-phenyl-2-benzyl-heptadecane,Aromatic,30,Dynamic,Base Oil,CCCCCCCCCCCCCCCC(Cc1ccccc1)Cc2ccccc2,28.1,4.35
5-phenyl-eicosane,Aromatic,26,Dynamic,Base Oil,CCCCCCCCCCCCCCCC(CCCC)c1ccccc1,11.92,2.6
1-pentadecyl-naphthalene,Aromatic,25,Dynamic,Base Oil,CCCCCCCCCCCCCCCc1cccc2ccccc12,16.96,2.75
"5-pentadecyl-1,2,3,4-tetrahydro-naphthalene",Aromatic,25,Dynamic,Base Oil,CCCCCCCCCCCCCCCc1cccc2CCCCc12,16.36,3.22
1-phenyl-pentadecane,Aromatic,21,Dynamic,Base Oil,CCCCCCCCCCCCCCCc1ccccc1,5.18,1.66
4-phenyl-eicosane,Aromatic,26,Dynamic,Base Oil,CCCCCCCCCCCCCCCCC(CCC)c1ccccc1,11.42,2.55
"1,1-diphenyl-octadec-1-ene",Aromatic,30,Kinematic,Base Oil,CCCCCCCCCCCCCCCCC=C(c1ccccc1)c2ccccc2,22.2,4.78
5-naphthalen-2-yl-docos-5-ene,Aromatic,32,Kinematic,Base Oil,CCCCCCCCCCCCCCCCC=C(CCCC)c1ccc2ccccc2c1,30.28,5.09
"6-(1-butyl-octadec-1-enyl)-1,2,3,4-tetrahydro-naphthalene",Aromatic,32,Kinematic,Base Oil,CCCCCCCCCCCCCCCCC=C(CCCC)c1ccc2CCCCc2c1,46,6.84
5-phenyl-docos-5-ene,Aromatic,28,Kinematic,Base Oil,CCCCCCCCCCCCCCCCC=C(CCCC)c1ccccc1,14.07,3.41
"1,2-dimethyl-4-hexadecyl-benzene",Aromatic,24,Kinematic,Base Oil,CCCCCCCCCCCCCCCCc1ccc(C)c(C)c1,28.12,2.6
"1-hexadecyl-2,3-dihydro-1H-indene",Aromatic,25,Dynamic,Base Oil,CCCCCCCCCCCCCCCCC1CCc2ccccc12,12.81,2.92
1-phenyl-hexadecane,Aromatic,22,Dynamic,Base Oil,CCCCCCCCCCCCCCCCc1ccccc1,5.92,1.82
"1,1-diphenyl-octadecane",Aromatic,30,Kinematic,Base Oil,CCCCCCCCCCCCCCCCCC(c1ccccc1)c2ccccc2,25.35,4.58
3-phenyl-eicosane,Aromatic,26,Dynamic,Base Oil,CCCCCCCCCCCCCCCCCC(CC)c1ccccc1,10.68,2.51
5-naphthalen-2-yl-docosane,Aromatic,32,Kinematic,Base Oil,CCCCCCCCCCCCCCCCCC(CCCC)c1ccc2ccccc2c1,34.41,5.64
5-phenyl-docosane,Aromatic,28,Kinematic,Base Oil,CCCCCCCCCCCCCCCCCC(CCCC)c1ccccc1,15.97,3.72
2-phenyl-eicosane,Aromatic,26,Dynamic,Base Oil,CCCCCCCCCCCCCCCCCCC(C)c1ccccc1,10.43,2.72
"1,3,5-trimethyl-2-octadecyl-benzene",Aromatic,27,Kinematic,Base Oil,CCCCCCCCCCCCCCCCCCc1c(C)cc(C)cc1C,21.4,3.48
"1,4-dimethyl-2-octadecyl-benzene",Aromatic,26,Kinematic,Base Oil,CCCCCCCCCCCCCCCCCCc1cc(C)ccc1C,13.99,2.72
1-(4-methyl-phenyl)-octadecane,Aromatic,25,Kinematic,Base Oil,CCCCCCCCCCCCCCCCCCc1ccc(C)cc1,10.1,3.02
"1,3-dimethyl-4-octadecyl-benzene",Aromatic,26,Kinematic,Base Oil,CCCCCCCCCCCCCCCCCCc1ccc(C)cc1C,13.74,3.38
1-ethyl-4-octadecyl-benzene,Aromatic,26,Kinematic,Base Oil,CCCCCCCCCCCCCCCCCCc1ccc(CC)cc1,11.36,3.26
1-octadecyl-4-isopropyl-benzene,Aromatic,27,Kinematic,Base Oil,CCCCCCCCCCCCCCCCCCc1ccc(cc1)C(C)C,14.01,3.7
"6-octadecyl-1,2,3,4-tetrahydro-naphthalene",Aromatic,28,Kinematic,Base Oil,CCCCCCCCCCCCCCCCCCc1ccc2CCCCc2c1,23.6,4.91
1-phenyl-octadecane,Aromatic,24,Kinematic,Base Oil,CCCCCCCCCCCCCCCCCCc1ccccc1,9.12,2.76
5-naphthalen-2-yl-hexacos-5-ene,Aromatic,36,Kinematic,Base Oil,CCCCCCCCCCCCCCCCCCCCC=C(CCCC)c1ccc2ccccc2c1,35.97,6.32
5-phenyl-hexacos-5-ene,Aromatic,32,Kinematic,Base Oil,CCCCCCCCCCCCCCCCCCCCC=C(CCCC)c1ccccc1,21.1,5.75
1-(4-methyl-phenyl)-eicosane,Aromatic,27,Kinematic,Base Oil,CCCCCCCCCCCCCCCCCCCCc1ccc(C)cc1,12.18,4.6
1-phenyl-eicosane,Aromatic,26,Kinematic,Base Oil,CCCCCCCCCCCCCCCCCCCCc1ccccc1,10.29,3.02
5-phenyl-hexacosane,Aromatic,32,Kinematic,Base Oil,CCCCCCCCCCCCCCCCCCCCCC(CCCC)c1ccccc1,22.95,4.85
"6-docosyl-1,2,3,4-tetrahydro-naphthalene",Aromatic,32,Kinematic,Base Oil,CCCCCCCCCCCCCCCCCCCCCCc1ccc2CCCCc2c1,21.3,5.85
2-(4-tert-butyl-benzyl)-butanedioic acid dimethyl ester,Aromatic,17,Kinematic,Base Oil,COC(=O)CC(Cc1ccc(cc1)C(C)(C)C)C(=O)OC,52,5.05
1-Methyl Napthalene,Aromatic,11,Dynamic,Base Oil,CC1=CC=CC2=CC=CC=C12,2.08,0.864
5-heptyl-indan,Aromatic,16,Kinematic,Base Oil,C(CCCCCC)C=1C=C2CCCC2=CC1,6.16,1.7
"1,3-diphenyl-butane",Aromatic ,16,Kinematic,Base Oil,CC(CCc1ccccc1)c2ccccc2,4.59,1.43
2-(1-ethyl-hexyl)-naphthalene,Aromatic ,18,Kinematic,Base Oil,CCCCCC(CC)c1ccc2ccccc2c1,9.01,1.99
7-phenyl-tridecane,Aromatic ,19,Dynamic,Base Oil,CCCCCCC(CCCCCC)c1ccccc1,4.78,1.28
"1,2,3,4-tetrahydro-6-butyl-7-hexyl-naphthalene",Aromatic ,20,Kinematic,Base Oil,CCCCCCc1cc2CCCCc2cc1CCCC,12.93,2.2
"1,2,3,4-tetrahydro-5,8-dimethyl-1-octyl-naphthalene",Aromatic ,20,Kinematic,Base Oil,CCCCCCCCC1CCCc2c(C)ccc(C)c12,14.08,2.61
"1-octyl-1,2,3,4-tetrahydro-naphthalene",Aromatic ,18,Dynamic,Base Oil,CCCCCCCCC1CCCc2ccccc12,9.99,1.99
2-phenyl-undecane,Aromatic ,17,Kinematic,Base Oil,CCCCCCCCCC(C)c1ccccc1,4.68,1.31
"1,3,5-trimethyl-2-decyl-benzene",Aromatic ,19,Dynamic,Base Oil,CCCCCCCCCCc1c(C)cc(C)cc1C,11.41,1.64
"1,9-bis-(benzyloxy)-nonane",Aromatic Ester,23,Kinematic,Base Oil,C(CCCCOCc1ccccc1)CCCCOCc2ccccc2,10.64,2.87
"1,5-dicyclopentyl-3-(2-cyclopentyl-ethyl)-pent-2-ene",Aromatic Ester,22,Dynamic,Base Oil,C1CCC(C1)CCC(CCC2CCCC2)=CCC3CCCC3,13.61,2.84
"1,5-bis-(4-tert-butyl-benzoyloxy)-pentane",Aromatic Ester,27,Kinematic,Base Oil,CC(C)(C)c1ccc(cc1)C(=O)OCCCCCOC(=O)c2ccc(cc2)C(C)(C)C,41.92,15.41
decanedioic acid isotridecyl ester benzyl ester,Aromatic Ester,30,Kinematic,Base Oil,CC(C)CCCCCCCCCCOC(=O)CCCCCCCCC(=O)OCc1ccccc1,22.6,4.94
2-(4-methyl-benzyl)-butanedioic acid bis-(3-methyl-butyl) ester,Aromatic Ester,22,Kinematic,Base Oil,CC(C)CCOC(=O)CC(Cc1ccc(C)cc1)C(=O)OCCC(C)C,18.1,3.45
2-(3-methyl-benzyl)-butanedioic acid bis-(3-methyl-butyl) ester,Aromatic Ester,22,Kinematic,Base Oil,CC(C)CCOC(=O)CC(Cc1cccc(C)c1)C(=O)OCCC(C)C,19.4,3.95
2-(4-methyl-benzyl)-butanedioic acid diisopropyl ester,Aromatic Ester,18,Kinematic,Base Oil,CC(C)OC(=O)CC(Cc1ccc(C)cc1)C(=O)OC(C)C,20.2,3.59
2-(3-methyl-benzyl)-butanedioic acid diisopropyl ester,Aromatic Ester,18,Kinematic,Base Oil,CC(C)OC(=O)CC(Cc1cccc(C)c1)C(=O)OC(C)C,18.2,3.31
"3-methyl-1,6-bis-(phenethyloxy)-hexane",Aromatic Ester,23,Kinematic,Base Oil,CC(CCCOCCc1ccccc1)CCOCCc2ccccc2,11.78,2.82
"3-phenyl-propionic acid 3,5,5-trimethyl-hexyl ester",Aromatic Ester,18,Kinematic,Base Oil,CC(CCOC(=O)CCc1ccccc1)CC(C)(C)C,5.3,1.78
"1,4-bis-(3-phenyl-propoxy)-2-methyl-butane",Aromatic Ester,23,Kinematic,Base Oil,CC(CCOCCCc1ccccc1)COCCCc2ccccc2,12.1,2.83
1-phenyl-butan-1-one,Aromatic Ester,10,Dynamic,Additive,CCCC(=O)c1ccccc1,1.56,0.629
isophthalic acid bis-(2-ethyl-hexyl) ester,Aromatic Ester,24,Kinematic,Base Oil,CCCCC(CC)COC(=O)c1cccc(c1)C(=O)OCC(CC)CCCC,30.3,4.52
benzoic acid 2-ethyl-hexyl ester,Aromatic Ester,15,Dynamic,Base Oil,CCCCC(CC)COC(=O)c1ccccc1,3.62,1.16
phthalic acid bis-(2-ethyl-hexyl) ester,Aromatic Ester,24,Kinematic,Base Oil,CCCCC(CC)COC(=O)c1ccccc1C(=O)OCC(CC)CCCC,33.36,4.2
2-(4-methyl-benzyl)-butanedioic acid bis-(2-ethyl-hexyl) ester,Aromatic Ester,28,Kinematic,Base Oil,CCCCC(CC)COC(=O)CC(Cc1ccc(C)cc1)C(=O)OCC(CC)CCCC,29.8,4.99
2-(3-methyl-benzyl)-butanedioic acid bis-(2-ethyl-hexyl) ester,Aromatic Ester,28,Kinematic,Base Oil,CCCCC(CC)COC(=O)CC(Cc1cccc(C)c1)C(=O)OCC(CC)CCCC,31.1,5.13
2-benzyl-butanedioic acid bis-(2-ethyl-hexyl) ester,Aromatic Ester,27,Kinematic,Base Oil,CCCCC(CC)COC(=O)CC(Cc1ccccc1)C(=O)OCC(CC)CCCC,25.55,4.12
m-phenylenediacetic acid bis-(2-ethyl-hexyl) ester,Aromatic Ester,26,Kinematic,Base Oil,CCCCC(CC)COC(=O)Cc1cccc(CC(=O)OCC(CC)CCCC)c1,14.4,3.3
4-(4-methyl-phenyl)-butyric acid 2-ethyl-hexyl ester,Aromatic Ester,19,Kinematic,Base Oil,CCCCC(CC)COC(=O)CCCc1ccc(C)cc1,6.14,1.81
butylbenzene,Aromatic Ester,10,Dynamic,Base Oil,CCCCc1ccccc1,0.79,0.42
12-acetoxy-octadecanoic acid phenyl ester,Aromatic Ester,26,Kinematic,Base Oil,CCCCCCC(CCCCCCCCCCC(=O)Oc1ccccc1)OC(C)=O,24.8,4.39
12-acetoxy-octadecanoic acid 2-phenoxyethyl ester,Aromatic Ester,28,Kinematic,Base Oil,CCCCCCC(CCCCCCCCCCC(=O)OCCOc1ccccc1)OC(C)=O,36.5,5.59
"1-phenyl-ethane-1,2-diol dinonanoate",Aromatic Ester,26,Kinematic,Base Oil,C(CCCCCCCC)(=O)OC(COC(CCCCCCCC)=O)C1=CC=CC=C1,18.4,3.42
decanoic acid 4-ethyl-benzyl ester,Aromatic Ester,19,Kinematic,Base Oil,CCCCCCCCCC(=O)OCc1ccc(CC)cc1,5.24,1.81
dodecanoic acid (4-methyl-phenyl) ester,Aromatic Ester,19,Kinematic,Base Oil,CCCCCCCCCCCC(=O)Oc1ccc(C)cc1,6.63,2.12
dodecanoic acid (3-methyl-phenyl) ester,Aromatic Ester,19,Kinematic,Base Oil,CCCCCCCCCCCC(=O)Oc1cccc(C)c1,7.18,2.18
dodecanoic acid phenyl ester,Aromatic Ester,18,Kinematic,Base Oil,CCCCCCCCCCCC(=O)Oc1ccccc1,7.43,2.09
dodecanoic acid 4-methyl-benzyl ester,Aromatic Ester,20,Kinematic,Base Oil,CCCCCCCCCCCC(=O)OCc1ccc(C)cc1,6.65,1.99
dodecanoic acid benzyl ester,Aromatic Ester,19,Kinematic,Base Oil,CCCCCCCCCCCC(=O)OCc1ccccc1,5.46,1.89
monohexadecyl-tetrahydro-naphthalene,Aromatic Ester,26,Kinematic,Base Oil,CCCCCCCCCCCCCCCCC1CCCc2ccccc12,32.18,5.14
trans-cinnamic acid dodecyl ester,Aromatic Ester,21,Kinematic,Base Oil,CCCCCCCCCCCCOC(=O)\C=C\c1ccccc1,15.2,3.3
4-methyl-benzoic acid dodecyl ester,Aromatic Ester,20,Kinematic,Base Oil,CCCCCCCCCCCCOC(=O)c1ccc(C)cc1,9.05,2.37
3-methyl-benzoic acid dodecyl ester,Aromatic Ester,20,Kinematic,Base Oil,CCCCCCCCCCCCOC(=O)c1cccc(C)c1,9.43,2.18
benzoic acid dodecyl ester,Aromatic Ester,19,Kinematic,Base Oil,CCCCCCCCCCCCOC(=O)c1ccccc1,7.33,2.15
"cyclohexane-1,2-dicarboxylic acid didodecyl ester",Aromatic Ester,32,Kinematic,Base Oil,CCCCCCCCCCCCOC(=O)C1CCCCC1C(=O)OCCCCCCCCCCCC,25.08,5.03
(4-methyl-phenyl)-acetic acid dodecyl ester,Aromatic Ester,21,Kinematic,Base Oil,CCCCCCCCCCCCOC(=O)Cc1ccc(C)cc1,7.81,2.13
(4-ethyl-phenyl)-acetic acid dodecyl ester,Aromatic Ester,22,Kinematic,Base Oil,CCCCCCCCCCCCOC(=O)Cc1ccc(CC)cc1,7.74,2.47
(4-butyl-phenyl)-acetic acid dodecyl ester,Aromatic Ester,24,Kinematic,Base Oil,CCCCCCCCCCCCOC(=O)Cc1ccc(CCCC)cc1,9.7,2.86
phenyl-acetic acid dodecyl ester,Aromatic Ester,20,Kinematic,Base Oil,CCCCCCCCCCCCOC(=O)Cc1ccccc1,6.39,2.04
3-phenyl-propionic acid dodecyl ester,Aromatic Ester,21,Kinematic,Base Oil,CCCCCCCCCCCCOC(=O)CCc1ccccc1,7.88,2.23
4-(4-methyl-phenyl)-butyric acid dodecyl ester,Aromatic Ester,23,Kinematic,Base Oil,CCCCCCCCCCCCOC(=O)CCCc1ccc(C)cc1,13.03,2.64
4-phenyl-butyric acid dodecyl ester,Aromatic Ester,22,Kinematic,Base Oil,CCCCCCCCCCCCOC(=O)CCCc1ccccc1,9.12,2.44
isophthalic acid dioctyl ester,Aromatic Ester,24,Kinematic,Base Oil,CCCCCCCCOC(=O)c1cccc(c1)C(=O)OCCCCCCCC,23.1,4.24
phthalic acid dioctyl ester,Aromatic Ester,24,Kinematic,Base Oil,CCCCCCCCOC(=O)c1ccccc1C(=O)OCCCCCCCC,17.88,3.62
2-(1-methyl-1-phenyl-ethyl)-butanedioic acid dioctyl ester,Aromatic Ester,29,Kinematic,Base Oil,CCCCCCCCOC(=O)CC(C(=O)OCCCCCCCC)C(C)(C)c1ccccc1,39.6,5.97
2-(4-methyl-benzyl)-butanedioic acid dioctyl ester,Aromatic Ester,28,Kinematic,Base Oil,CCCCCCCCOC(=O)CC(Cc1ccc(C)cc1)C(=O)OCCCCCCCC,22.4,4.76
2-benzyl-butanedioic acid dioctyl ester,Aromatic Ester,27,Kinematic,Base Oil,CCCCCCCCOC(=O)CC(Cc1ccccc1)C(=O)OCCCCCCCC,19.76,4.03
(4-octyl-phenyl)-acetic acid octyl ester,Aromatic Ester,24,Kinematic,Base Oil,CCCCCCCCOC(=O)Cc1ccc(CCCCCCCC)cc1,9.93,2.84
m-phenylenediacetic acid dioctyl ester,Aromatic Ester,26,Kinematic,Base Oil,CCCCCCCCOC(=O)Cc1cccc(CC(=O)OCCCCCCCC)c1,13.18,3.5
4-(4-methyl-phenyl)-butyric acid octyl ester,Aromatic Ester,19,Kinematic,Base Oil,CCCCCCCCOC(=O)CCCc1ccc(C)cc1,6.44,1.82
4-phenyl-butyric acid octyl ester,Aromatic Ester,18,Kinematic,Base Oil,CCCCCCCCOC(=O)CCCc1ccccc1,5.22,1.55
phthalic acid dihexyl ester,Aromatic Ester,20,Kinematic,Base Oil,CCCCCCOC(=O)c1ccccc1C(=O)OCCCCCC,17.06,3
pentyloxy-benzene,Aromatic Ester,11,Dynamic,Base Oil,CCCCCOc1ccccc1,1.79,0.6504
phthalic acid 1-butoxycarbonyl-ethyl ester butyl ester,Aromatic Ester,19,Kinematic,Base Oil,CCCCOC(=O)C(C)OC(=O)c1ccccc1C(=O)OCCCC,21.8,3.65
phthalic acid dibutyl ester,Aromatic Ester,16,Kinematic,Base Oil,CCCCOC(=O)c1ccccc1C(=O)OCCCC,9.78,2.31
2-(1-methyl-1-phenyl-ethyl)-butanedioic acid dibutyl ester,Aromatic Ester,21,Kinematic,Base Oil,CCCCOC(=O)CC(C(=O)OCCCC)C(C)(C)c1ccccc1,28.5,4.17
2-(4-methyl-benzyl)-butanedioic acid dibutyl ester,Aromatic Ester,20,Kinematic,Base Oil,CCCCOC(=O)CC(Cc1ccc(C)cc1)C(=O)OCCCC,14.25,2.87
2-(4-tert-butyl-benzyl)-butanedioic acid dibutyl ester,Aromatic Ester,23,Kinematic,Base Oil,CCCCOC(=O)CC(Cc1ccc(cc1)C(C)(C)C)C(=O)OCCCC,38.5,5.6
2-(3-methyl-benzyl)-butanedioic acid dibutyl ester,Aromatic Ester,20,Kinematic,Base Oil,CCCCOC(=O)CC(Cc1cccc(C)c1)C(=O)OCCCC,14.15,3.29
2-benzyl-butanedioic acid dibutyl ester,Aromatic Ester,19,Kinematic,Base Oil,CCCCOC(=O)CC(Cc1ccccc1)C(=O)OCCCC,11.69,2.59
2-(1-methyl-1-phenyl-ethyl)-butanedioic acid dipropyl ester,Aromatic Ester,19,Kinematic,Base Oil,CCCOC(=O)CC(C(=O)OCCC)C(C)(C)c1ccccc1,37.4,4.91
2-(4-methyl-benzyl)-butanedioic acid dipropyl ester,Aromatic Ester,18,Kinematic,Base Oil,CCCOC(=O)CC(Cc1ccc(C)cc1)C(=O)OCCC,14.3,3.09
2-(4-tert-butyl-benzyl)-butanedioic acid dipropyl ester,Aromatic Ester,21,Kinematic,Base Oil,CCCOC(=O)CC(Cc1ccc(cc1)C(C)(C)C)C(=O)OCCC,32.1,4.7
2-(3-methyl-benzyl)-butanedioic acid dipropyl ester,Aromatic Ester,18,Kinematic,Base Oil,CCCOC(=O)CC(Cc1cccc(C)c1)C(=O)OCCC,11.53,2.48
trans-3-phenyl-prop-2-enoic acid ethyl ester,Aromatic Ester,11,Dynamic,Base Oil,CCOC(=O)C=Cc1ccccc1,5.52,1.27
2-(4-tert-butyl-benzyl)-butanedioic acid diethyl ester,Aromatic Ester,19,Kinematic,Base Oil,CCOC(=O)CC(Cc1ccc(cc1)C(C)(C)C)C(=O)OCC,24.1,4.32
2-(3-methyl-benzyl)-butanedioic acid diethyl ester,Aromatic Ester,16,Kinematic,Base Oil,CCOC(=O)CC(Cc1cccc(C)c1)C(=O)OCC,11.7,2.74
2-methoxy-4-(prop-2-en-1-yl)-phenol,Aromatic Ester,10,Dynamic,Additive,COc1cc(CC=C)ccc1O,4.21,1.15
phthalic acid didodecyl ester,Aromatic Ester,32,Kinematic,Base Oil,C(CCCCCCCCCCC)OC(C=1C(C(=O)OCCCCCCCCCCCC)=CC=CC1)=O,31.51,5.7
diphenyl ether,Aromatic Ester,12,Dynamic,Base Oil,O(c1ccccc1)c2ccccc2,2.56,0.981
benzophenone,Aromatic Ester,12,Dynamic,Additive,O=C(c1ccccc1)c2ccccc2,7.58,1.58
dibenzyl ether,Aromatic Ester,14,Dynamic,Additive,C(OCc1ccccc1)c2ccccc2,3.2,1.2
"2,6-bis-(1,1-dimethylethyl)-phenol",Aromatic Ester,14,Kinematic,Base Oil,CC(C)(C)c1cccc(c1O)C(C)(C)C,6.1,1.5
spiro[5.5]undecane,Cyclic Paraffin,11,Dynamic,Base Oil,[CH2]1CC[C]2(CC1)CC[CH2]CC2,2.19,0.9
"1,6-dicyclohexyl-hexane",Cyclic Paraffin,18,Kinematic,Base Oil,C(CCCC1CCCCC1)CCC2CCCCC2,10.24,2.69
"1,10-dicyclohexyl-decane",Cyclic Paraffin,22,Kinematic,Base Oil,C(CCCCCC1CCCCC1)CCCCC2CCCCC2,16.13,4.48
cis-1-cyclohexylmethyl-3-methyl-cyclohexane,Cyclic Paraffin,14,Kinematic,Base Oil,C[C@@H]1CCC[C@@H](C1)CC2CCCCC2,4.61,1.5
cis-1-cyclohexylmethyl-4-methyl-cyclohexane,Cyclic Paraffin,14,Kinematic,Base Oil,C[C@H]1CC[C@H](CC1)CC2CCCCC2,4.94,1.6
cis-1-cyclohexylmethyl-2-methyl-cyclohexane,Cyclic Paraffin,14,Kinematic,Base Oil,C[C@H]1CCCC[C@H]1CC2CCCCC2,5.34,1.65
cis-decahydro-naphthalene,Cyclic Paraffin,10,Dynamic,Base Oil,C1CC[C@@H]2CCCC[C@@H]2C1,2.23,0.92
tricyclopentyl-methane,Cyclic Paraffin,16,Dynamic,Base Oil,C1CCC(C1)C(C2CCCC2)C3CCCC3,5.6,1.61
"1,3-dicyclopentyl-cyclopentane",Cyclic Paraffin,15,Dynamic,Base Oil,C1CCC(C1)C2CCC(C2)C3CCCC3,2.95,1.22
"1,1'-bicyclopentyl",Cyclic Paraffin,10,Dynamic,Base Oil,C1CCC(C1)C2CCCC2,1.12,0.56
"1,5-dicyclopentyl-3-(2-cyclopentyl-ethyl)-pentane",Cyclic Paraffin,22,Kinematic,Base Oil,C1CCC(C1)CCC(CCC2CCCC2)CCC3CCCC3,19.2,3.24
"1,7-dicyclopentyl-4-(3-cyclopentyl-propyl)-heptane",Cyclic Paraffin,25,Dynamic,Base Oil,C1CCC(C1)CCCC(CCCC2CCCC2)CCCC3CCCC3,22.06,3.77
dicyclopentyl-cyclohexane,Cyclic Paraffin,16,Kinematic,Base Oil,C1CCC(CC1)(C2CCCC2)C3CCCC3,6.1,2.08
cyclopentyl-cyclohexane,Cyclic Paraffin,11,Dynamic,Base Oil,C1CCC(CC1)C2CCCC2,1.68,0.78
cyclohexyl-decahydro-naphthalene,Cyclic Paraffin,16,Kinematic,Base Oil,C1CCC(CC1)C2CCCC3CCCCC23,14.29,3.51
bicyclohexyl,Cyclic Paraffin,12,Dynamic,Base Oil,C1CCC(CC1)C2CCCCC2,3.04,1.21
"4-(2-cyclohexyl-ethyl)-1,7-dicyclopentyl-heptane",Cyclic Paraffin,25,Dynamic,Base Oil,C1CCC(CC1)CCC(CCCC2CCCC2)CCCC3CCCC3,33,4.58
1-cyclohexyl-3-cyclopentyl-propane,Cyclic Paraffin,14,Dynamic,Base Oil,C1CCC(CC1)CCCC2CCCC2,3.2,1.18
"1,3-dicyclohexyl-propane",Cyclic Paraffin,15,Kinematic,Base Oil,C1CCC(CC1)CCCC2CCCCC2,6.38,1.94
"1,4-dicyclohexyl-butane",Cyclic Paraffin,16,Kinematic,Base Oil,C1CCC(CC1)CCCCC2CCCCC2,7.56,2.18
"1,5-dicyclohexyl-pentane",Cyclic Paraffin,17,Kinematic,Base Oil,C1CCC(CC1)CCCCCC2CCCCC2,8.47,2.46
tetradecahydro-phenanthrene,Cyclic Paraffin,14,Kinematic,Base Oil,C1CCC2C(C1)CCC3CCCCC23,5.11,1.69
spiro[5.6]dodecane,Cyclic Paraffin,12,Dynamic,Base Oil,C1CCCC2(CC1)CCCCC2,2.99,1.11
"2,2-dicyclohexyl-propane",Cyclic Paraffin,15,Kinematic,Base Oil,CC(C)(C1CCCCC1)C2CCCCC2,9.75,2.38
"3-cyclohexyl-2,4-dimethyl-pentane",Cyclic Paraffin,13,Kinematic,Base Oil,CC(C)C(C(C)C)C1CCCCC1,1.77,0.83
"1,2,4,5-tetraisopropyl-cyclohexane",Cyclic Paraffin,18,Dynamic,Base Oil,CC(C)C1CC(C(C)C)C(CC1C(C)C)C(C)C,8.35,1.75
1-cyclohexyl-1-(4-isopropyl-cyclohexyl)-ethane,Cyclic Paraffin,17,Dynamic,Base Oil,CC(C)C1CCC(CC1)C(C)C2CCCCC2,20.35,2.18
1-cyclohexylmethyl-4-isopropyl-cyclohexane,Cyclic Paraffin,16,Dynamic,Base Oil,CC(C)C1CCC(CC1)CC2CCCCC2,8.01,2.16
"1,1-dicyclohexyl-3-methyl-butane",Cyclic Paraffin,17,Kinematic,Base Oil,CC(C)CC(C1CCCCC1)C2CCCCC2,16.7,2.16
"2-cyclohexyl-2,5-dimethyl-hexane",Cyclic Paraffin,14,Kinematic,Base Oil,CC(C)CCC(C)(C)C1CCCCC1,3.38,1.23
4-isopropyl-1-methyl2-[5-methyl-2-(3-methyl-butyl)-hexyl]-cyclohexane,Cyclic Paraffin,22,Kinematic,Base Oil,CC(C)CCC(CCC(C)C)CC1CC(CCC1C)C(C)C,20.77,2.72
"1,1-dicyclopentyl-ethane",Cyclic Paraffin,12,Dynamic,Base Oil,CC(C1CCCC1)C2CCCC2,1.68,0.76
"1,1-dicyclohexyl-ethane",Cyclic Paraffin,14,Dynamic,Base Oil,CC(C1CCCCC1)C2CCCCC2,6.93,1.45
"1,2-dicyclohexyl-propane",Cyclic Paraffin,15,Kinematic,Base Oil,CC(CC1CCCCC1)C2CCCCC2,6.42,1.86
"1,3-dicyclohexyl-2-methyl-propane",Cyclic Paraffin,16,Kinematic,Base Oil,CC(CC1CCCCC1)CC2CCCCC2,7.08,1.97
"1,3-dicyclohexyl-butane",Cyclic Paraffin,16,Kinematic,Base Oil,CC(CCC1CCCCC1)C2CCCCC2,8.78,2.26
"1,7-dicyclopentyl-4-heptyl-pentane",Cyclic Paraffin,24,Dynamic,Base Oil,CC(CCCCCCCC1CCCC1)CCCC2CCCC2,22.04,2.68
cis-1-ethyl-4-cyclohexylmethyl-cyclohexane,Cyclic Paraffin,15,Kinematic,Base Oil,CC[C@@H]1CC[C@@H](CC1)CC2CCCCC2,5.64,1.76
cis-1-ethyl-2-cyclohexylmethyl-cyclohexane,Cyclic Paraffin,15,Kinematic,Base Oil,CC[C@@H]1CCCC[C@@H]1CC2CCCCC2,5.64,1.68
"1-cyclohexyl-1-(2,4,5-trimethyl-cyclohexyl)-ethane",Cyclic Paraffin,17,Dynamic,Base Oil,CC1CC(C)C(CC1C)C(C)C2CCCCC2,29.6,2.02
"1,10-bis-(2,4-dimethyl-cyclopentyl)-decane",Cyclic Paraffin,24,Dynamic,Base Oil,CC1CC(C)C(CCCCCCCCCCC2CC(C)CC2C)C1,13.33,2.28
"1-cyclohexyl-1-(2,5-dimethyl-cyclohexyl)-ethane",Cyclic Paraffin,16,Dynamic,Base Oil,CC1CCC(C)C(C1)C(C)C2CCCCC2,17.4,1.74
1-cyclohexyl-1-(4-methylcyclohexyl)-ethane,Cyclic Paraffin,15,Kinematic,Base Oil,CC1CCC(CC1)C(C)C2CCCCC2,8.01,1.52
"1,2-dimethyl-4-(tert-butyl)-cyclohexane",Cyclic Paraffin,12,Dynamic,Base Oil,CC1CCC(CC1C)C(C)(C)C,1.68,0.66
"2,2-dicyclohexyl-butane",Cyclic Paraffin,16,Kinematic,Base Oil,CCC(C)(C1CCCCC1)C2CCCCC2,13.65,2.72
"1,1-dicyclohexyl-propane",Cyclic Paraffin,15,Kinematic,Base Oil,CCC(C1CCCCC1)C2CCCCC2,6.4,1.81
(2-ethyl-butyl)-cyclohexane,Cyclic Paraffin,12,Dynamic,Base Oil,CCC(CC)CC1CCCCC1,1.75,0.82
"1,2-dicyclohexyl-butane",Cyclic Paraffin,16,Kinematic,Base Oil,CCC(CC1CCCCC1)C2CCCCC2,7.81,1.98
1-cyclohexyl-2-cyclohexylmethyl-butane,Cyclic Paraffin,17,Kinematic,Base Oil,CCC(CC1CCCCC1)CC2CCCCC2,9.38,2.18
"1,2-bis-(1-ethyl-cyclohexyl)-ethane",Cyclic Paraffin,18,Kinematic,Base Oil,CCC1(CCCCC1)CCC2(CC)CCCCC2,31.01,3.51
"1,2,3,4,5,6-hexaethyl-cyclohexane",Cyclic Paraffin,18,Dynamic,Base Oil,CCC1C(CC)C(CC)C(CC)C(CC)C1CC,11.51,3.34
1-cyclohexyl-1-(4-ethyl-cyclohexyl)-ethane,Cyclic Paraffin,16,Dynamic,Base Oil,CCC1CCC(CC1)C(C)C2CCCCC2,11.42,1.77
1-ethyl-3-cyclohexylmethyl-cyclohexane,Cyclic Paraffin,15,Kinematic,Base Oil,CCC1CCCC(C1)CC2CCCCC2,5.17,1.59
"1,1-dicyclohexyl-butane",Cyclic Paraffin,16,Dynamic,Base Oil,CCCC(C1CCCCC1)C2CCCCC2,9.61,2.08
3-cyclohexyl-hexane,Cyclic Paraffin,12,Dynamic,Base Oil,CCCC(CC)C1CCCCC1,1.68,0.79
1-cyclohexyl-2-cyclohexylmethyl-pentane,Cyclic Paraffin,18,Kinematic,Base Oil,CCCC(CC1CCCCC1)CC2CCCCC2,12.5,2.38
1-(1-ethyl-1-methyl-pentyl)-decahydro-naphthalene,Cyclic Paraffin,18,Kinematic,Base Oil,CCCCC(C)(CC)C1CCCC2CCCCC12,10.81,1.95
"1,1-dicyclohexyl-pentane",Cyclic Paraffin,17,Kinematic,Base Oil,CCCCC(C1CCCCC1)C2CCCCC2,13.6,2.45
1-(2-ethyl-hexyl)-decahydro-naphthalene,Cyclic Paraffin,18,Kinematic,Base Oil,CCCCC(CC)CC1CCCC2CCCCC12,8.11,1.79
"4,4'-dibutyl-bicyclohexyl",Cyclic Paraffin,20,Kinematic,Base Oil,CCCCC1CCC(CC1)C2CCC(CCCC)CC2,15.3,2.84
4-butyl-bicyclohexyl,Cyclic Paraffin,16,Kinematic,Base Oil,CCCCC1CCC(CC1)C2CCCCC2,6.48,1.68
butyl-cyclohexane,Cyclic Paraffin,10,Dynamic,Base Oil,CCCCC1CCCCC1,0.96,0.51
pentyl-cyclopentane,Cyclic Paraffin,10,Dynamic,Base Oil,CCCCCC1CCCC1,0.856,0.45
pentyl-cyclohexane,Cyclic Paraffin,11,Dynamic,Base Oil,CCCCCC1CCCCC1,1.19,0.76
1-(1-methyl-heptyl)-decahydro-naphthalene,Cyclic Paraffin,18,Kinematic,Base Oil,CCCCCCC(C)C1CCCC2CCCCC12,7.26,1.79
2-cyclohexyl-octane,Cyclic Paraffin,14,Dynamic,Base Oil,CCCCCCC(C)C1CCCCC1,2.38,0.88
"1,1-dicyclohexyl-heptane",Cyclic Paraffin,19,Dynamic,Base Oil,CCCCCCC(C1CCCCC1)C2CCCCC2,16.22,2.26
4-(1-propyl-heptyl)-bicyclohexyl,Cyclic Paraffin,22,Kinematic,Base Oil,CCCCCCC(CCC)C1CCC(CC1)C2CCCCC2,34.27,3.97
1-cyclohexyl-7-cyclopentyl-4-hexyl-heptane,Cyclic Paraffin,24,Dynamic,Base Oil,CCCCCCC(CCCC1CCCCC1)CCCC2CCCC2,36.2,3.02
1-cyclohexyl-4-(3-cyclohexyl-propyl)-decane,Cyclic Paraffin,25,Kinematic,Base Oil,CCCCCCC(CCCC1CCCCC1)CCCC2CCCCC2,23.22,5.22
7-cyclohexyl-tridecane,Cyclic Paraffin,19,Dynamic,Base Oil,CCCCCCC(CCCCCC)C1CCCCC1,5.9,1.43
7-cyclopentylmethyl-tridecane,Cyclic Paraffin,19,Dynamic,Base Oil,CCCCCCC(CCCCCC)CC1CCCC1,4.22,1.21
7-(3-cyclohexyl-propyl)-tridecane,Cyclic Paraffin,22,Dynamic,Base Oil,CCCCCCC(CCCCCC)CCCC1CCCCC1,4.65,1.58
2-butyl-3-hexyl-decahydro-naphthalene,Cyclic Paraffin,20,Kinematic,Base Oil,CCCCCCC1CC2CCCCC2CC1CCCC,12.17,2.18
4-hexyl-bicyclohexyl,Cyclic Paraffin,18,Kinematic,Base Oil,CCCCCCC1CCC(CC1)C2CCCCC2,9.8,2.27
"1,2,4-trihexyl-cyclohexane",Cyclic Paraffin,24,Kinematic,Base Oil,CCCCCCC1CCC(CCCCCC)C(CCCCCC)C1,21.62,2.37
"1,4-dihexyl-cyclohexane",Cyclic Paraffin,18,Dynamic,Base Oil,CCCCCCC1CCC(CCCCCC)CC1,6.53,1.52
1-cyclopentyl-hexane,Cyclic Paraffin,11,Dynamic,Base Oil,CCCCCCC1CCCC1,1.08,0.54
7-butyl-1-hexyl-decahydro-naphthalene,Cyclic Paraffin,20,Kinematic,Base Oil,CCCCCCC1CCCC2CCC(CCCC)CC12,10.34,2.18
hexyl-cyclohexane,Cyclic Paraffin,12,Dynamic,Base Oil,CCCCCCC1CCCCC1,1.492,0.66
"1,2-dimethyl-4-heptyl-cyclohexane",Cyclic Paraffin,15,Dynamic,Base Oil,CCCCCCCC1CCC(C)C(C)C1,3.79,0.96
"4,4'-diheptyl-bicyclohexyl",Cyclic Paraffin,26,Kinematic,Base Oil,CCCCCCCC1CCC(CC1)C2CCC(CCCCCCC)CC2,34.95,4.95
4-heptyl-bicyclohexyl,Cyclic Paraffin,19,Kinematic,Base Oil,CCCCCCCC1CCC(CC1)C2CCCCC2,17.9,2.86
1-cyclopentyl-heptane,Cyclic Paraffin,12,Dynamic,Base Oil,CCCCCCCC1CCCC1,1.342,0.63
heptyl-cyclohexane,Cyclic Paraffin,13,Dynamic,Base Oil,CCCCCCCC1CCCCC1,1.83,0.77
2-(1-propyl-nonyl)-decahydro-naphthalene,Cyclic Paraffin,22,Kinematic,Base Oil,CCCCCCCCC(CCC)C1CCC2CCCCC2C1,17.02,3.25
1-cyclohexyl-3-(2-cyclohexyl-ethyl)-undecane,Cyclic Paraffin,25,Dynamic,Base Oil,CCCCCCCCC(CCC1CCCCC1)CCC2CCCCC2,26.9,3.96
1-cyclopentyl-4-(3-cyclopentyl-propyl)-dodecane,Cyclic Paraffin,25,Dynamic,Base Oil,CCCCCCCCC(CCCC1CCCC1)CCCC2CCCC2,13.09,2.78
9-cyclohexyl-heptadecane,Cyclic Paraffin,23,Kinematic,Base Oil,CCCCCCCCC(CCCCCCCC)C1CCCCC1,9.13,2.06
9-(2-cyclohexyl-ethyl)-heptadecane,Cyclic Paraffin,25,Dynamic,Base Oil,CCCCCCCCC(CCCCCCCC)CCC1CCCCC1,11.7,2.47
9-(3-cyclopentyl-propyl)-heptadecane,Cyclic Paraffin,25,Dynamic,Base Oil,CCCCCCCCC(CCCCCCCC)CCCC1CCCC1,9.03,2.16
"2,6-dimethyl-3-octyl-decahydro-naphthalene",Cyclic Paraffin,20,Kinematic,Base Oil,CCCCCCCCC1CC2CC(C)CCC2CC1C,9.55,2.06
"4,4'-dioctyl-bicyclohexyl",Cyclic Paraffin,28,Kinematic,Base Oil,CCCCCCCCC1CCC(CC1)C2CCC(CCCCCCCC)CC2,25.71,5.11
4-octyl-bicyclohexyl,Cyclic Paraffin,20,Kinematic,Base Oil,CCCCCCCCC1CCC(CC1)C2CCCCC2,9.16,2.69
2-octyl-decahydro-naphthalene,Cyclic Paraffin,18,Kinematic,Base Oil,CCCCCCCCC1CCC2CCCCC2C1,7.9,2.08
octyl-cyclopentane,Cyclic Paraffin,13,Dynamic,Base Oil,CCCCCCCCC1CCCC1,1.64,0.73
"1,4-dimethyl-5-octyl-decahydro-naphthalene",Cyclic Paraffin,20,Kinematic,Base Oil,CCCCCCCCC1CCCC2C(C)CCC(C)C12,9.11,2.08
1-octyl-decahydro-naphthalene,Cyclic Paraffin,18,Kinematic,Base Oil,CCCCCCCCC1CCCC2CCCCC12,6.81,1.86
"1,3-bis-(decanoyloxy)-2,2-dimethyl-propane",Cyclic Paraffin,25,Kinematic,Base Oil,CCCCCCCCCC(=O)OCC(C)(C)COC(=O)CCCCCCCCC,10.9,2.91
"1,1-dicyclohexyl-decane",Cyclic Paraffin,22,Kinematic,Base Oil,CCCCCCCCCC(C1CCCCC1)C2CCCCC2,22.2,2.6
"6-(2,4,5-trimethyl-cyclohexyl)-pentadecane",Cyclic Paraffin,24,Dynamic,Base Oil,CCCCCCCCCC(CCCCC)C1CC(C)C(C)CC1C,36.96,2.66
10-cyclopentyl-nonadecane,Cyclic Paraffin,24,Dynamic,Base Oil,CCCCCCCCCC(CCCCCCCCC)C1CCCC1,11.75,1.89
4-nonyl-bicyclohexyl,Cyclic Paraffin,21,Kinematic,Base Oil,CCCCCCCCCC1CCC(CC1)C2CCCCC2,24.1,3.49
1-cyclopentyl-nonane,Cyclic Paraffin,14,Dynamic,Base Oil,CCCCCCCCCC1CCCC1,1.98,0.84
1-cyclohexyl-nonane,Cyclic Paraffin,15,Dynamic,Base Oil,CCCCCCCCCC1CCCCC1,2.68,1
1-cyclohexyl-3-(2-cyclohexyl-ethyl)-tridecane,Cyclic Paraffin,27,Kinematic,Base Oil,CCCCCCCCCCC(CCC1CCCCC1)CCC2CCCCC2,28.03,14.5
"11-(2,5-dimethyl-cyclohexyl)-heneicosane",Cyclic Paraffin,29,Dynamic,Base Oil,CCCCCCCCCCC(CCCCCCCCCC)C1CC(C)CCC1C,19.87,3.35
11-cyclopentyl-heneicosane,Cyclic Paraffin,26,Dynamic,Base Oil,CCCCCCCCCCC(CCCCCCCCCC)C1CCCC1,9.96,2.32
11-(decahydro-naphthalen-1-yl)-heneicosane,Cyclic Paraffin,31,Dynamic,Base Oil,CCCCCCCCCCC(CCCCCCCCCC)C1CCCC2CCCCC12,37.59,5.05
11-cyclohexyl-heneicosane,Cyclic Paraffin,27,Dynamic,Base Oil,CCCCCCCCCCC(CCCCCCCCCC)C1CCCCC1,13.94,2.84
"11-(2,4-dimethyl-cyclopentylmethyl)-heneicosane",Cyclic Paraffin,29,Dynamic,Base Oil,CCCCCCCCCCC(CCCCCCCCCC)CC1CC(C)CC1C,11.45,2.54
11-cyclopentylmethyl-heneicosane,Cyclic Paraffin,27,Dynamic,Base Oil,CCCCCCCCCCC(CCCCCCCCCC)CC1CCCC1,10.86,2.59
11-cyclohexylmethyl-heneicosane,Cyclic Paraffin,28,Dynamic,Base Oil,CCCCCCCCCCC(CCCCCCCCCC)CC1CCCCC1,14.47,2.92
"1,3,5-trimethyl-2-decyl-cyclohexane",Cyclic Paraffin,19,Dynamic,Base Oil,CCCCCCCCCCC1C(C)CC(C)CC1C,10.4,1.56
"1,4-dimethyl-2-decyl-cyclohexane",Cyclic Paraffin,18,Dynamic,Base Oil,CCCCCCCCCCC1CC(C)CCC1C,8.41,1.39
"1,4-didecyl-cyclohexane",Cyclic Paraffin,26,Dynamic,Base Oil,CCCCCCCCCCC1CCC(CCCCCCCCCC)CC1,13.25,3.09
"1,3-didecyl-cyclohexane",Cyclic Paraffin,26,Kinematic,Base Oil,CCCCCCCCCCC1CCCC(CCCCCCCCCC)C1,14.65,2.76
1-cyclopentyl-decane,Cyclic Paraffin,15,Dynamic,Base Oil,CCCCCCCCCCC1CCCC1,2.37,0.96
1-cyclohexyl-decane,Cyclic Paraffin,16,Dynamic,Base Oil,CCCCCCCCCCC1CCCCC1,3.19,1.12
"1,1-bis-(4-methyl-cyclohexyl)-dodecane",Cyclic Paraffin,26,Dynamic,Base Oil,CCCCCCCCCCCC(C1CCC(C)CC1)C2CCC(C)CC2,40.19,4.39
7-cyclohexyl-octadecane,Cyclic Paraffin,24,Dynamic,Base Oil,CCCCCCCCCCCC(CCCCCC)C1CCCCC1,20.8,2.5
8-(4-methyl-cyclohexyl)-nonadecane,Cyclic Paraffin,26,Dynamic,Base Oil,CCCCCCCCCCCC(CCCCCCC)C1CCC(C)CC1,14.04,2.51
9-cyclohexyl-eicosane,Cyclic Paraffin,26,Dynamic,Base Oil,CCCCCCCCCCCC(CCCCCCCC)C1CCCCC1,12.93,2.66
11-(decahydro-naphthalen-1-yl)-docosane,Cyclic Paraffin,32,Kinematic,Base Oil,CCCCCCCCCCCC(CCCCCCCCCC)C1CCCC2CCCCC12,40.37,6.33
1-cyclopentyl-undecane,Cyclic Paraffin,16,Dynamic,Base Oil,CCCCCCCCCCCC1CCCC1,2.81,1.08
1-undecyl-decahydro-naphthalene,Cyclic Paraffin,21,Dynamic,Base Oil,CCCCCCCCCCCC1CCCC2CCCCC12,10.26,2.39
1-cyclohexyl-undecane,Cyclic Paraffin,17,Dynamic,Base Oil,CCCCCCCCCCCC1CCCCC1,3.76,1.26
13-cyclohexyl-pentacosane,Cyclic Paraffin,31,Dynamic,Base Oil,CCCCCCCCCCCCC(CCCCCCCCCCCC)C1CCCCC1,18.65,3.63
"1,3-dicyclopentyl-2-dodecyl-cyclopentane",Cyclic Paraffin,27,Dynamic,Base Oil,CCCCCCCCCCCCC1C(CCC1C2CCCC2)C3CCCC3,24.55,3.98
2-dodecyl-4-isopropyl-1-methyl-cyclohexane,Cyclic Paraffin,22,Kinematic,Base Oil,CCCCCCCCCCCCC1CC(CCC1C)C(C)C,11.17,2.57
1-cyclopentyl-dodecane,Cyclic Paraffin,17,Dynamic,Base Oil,CCCCCCCCCCCCC1CCCC1,3.29,1.59
1-dodecyl-decahydro-naphthalene,Cyclic Paraffin,22,Kinematic,Base Oil,CCCCCCCCCCCCC1CCCC2CCCCC12,13.52,3.24
1-cyclohexyl-dodecane,Cyclic Paraffin,18,Dynamic,Base Oil,CCCCCCCCCCCCC1CCCCC1,4.38,1.4
"1,1-dicyclohexyl-tetradecane",Cyclic Paraffin,26,Dynamic,Base Oil,CCCCCCCCCCCCCC(C1CCCCC1)C2CCCCC2,29.8,4.17
1-cyclohexyl-2-cyclohexylmethyl-pentadecane,Cyclic Paraffin,28,Dynamic,Base Oil,CCCCCCCCCCCCCC(CC1CCCCC1)CC2CCCCC2,32.21,4.25
7-cyclohexyl-eicosane,Cyclic Paraffin,26,Dynamic,Base Oil,CCCCCCCCCCCCCC(CCCCCC)C1CCCCC1,13.2,2.76
1-cyclopentyl-tridecane,Cyclic Paraffin,18,Dynamic,Base Oil,CCCCCCCCCCCCCC1CCCC1,3.83,1.36
1-cyclohexyl-tridecane,Cyclic Paraffin,19,Dynamic,Base Oil,CCCCCCCCCCCCCC1CCCCC1,5.08,1.55
15-cyclohexyl-nonacosane,Cyclic Paraffin,35,Dynamic,Base Oil,CCCCCCCCCCCCCCC(CCCCCCCCCCCCCC)C1CCCCC1,26.76,4.68
1-cyclopentyl-tetradecane,Cyclic Paraffin,19,Dynamic,Base Oil,CCCCCCCCCCCCCCC1CCCC1,4.43,1.51
1-cyclohexyl-tetradecane,Cyclic Paraffin,20,Dynamic,Base Oil,CCCCCCCCCCCCCCC1CCCCC1,5.85,1.7
"1,1-dicyclopentyl-hexadecane",Cyclic Paraffin,26,Dynamic,Base Oil,CCCCCCCCCCCCCCCC(C1CCCC1)C2CCCC2,14.46,3.02
"1,1-dicyclohexyl-hexadecane",Cyclic Paraffin,28,Dynamic,Base Oil,CCCCCCCCCCCCCCCC(C1CCCCC1)C2CCCCC2,25.86,4.31
1-cyclohexyl-2-cyclohexylmethyl-heptadecane,Cyclic Paraffin,30,Dynamic,Base Oil,CCCCCCCCCCCCCCCC(CC1CCCCC1)CC2CCCCC2,24.3,4.25
5-cyclohexyl-eicosane,Cyclic Paraffin,26,Dynamic,Base Oil,CCCCCCCCCCCCCCCC(CCCC)C1CCCCC1,14.01,2.85
1-cyclopentyl-pentadecane,Cyclic Paraffin,20,Dynamic,Base Oil,CCCCCCCCCCCCCCCC1CCCC1,5.08,1.67
1-pentadecyl-decahydro-naphthalene,Cyclic Paraffin,25,Dynamic,Base Oil,CCCCCCCCCCCCCCCC1CCCC2CCCCC12,16.75,3.33
1-cyclohexyl-pentadecane,Cyclic Paraffin,21,Dynamic,Base Oil,CCCCCCCCCCCCCCCC1CCCCC1,6.69,1.87
4-cyclohexyl-eicosane,Cyclic Paraffin,26,Dynamic,Base Oil,CCCCCCCCCCCCCCCCC(CCC)C1CCCCC1,13.61,2.88
17-cyclohexyl-tritriacontane,Cyclic Paraffin,39,Kinematic,Base Oil,CCCCCCCCCCCCCCCCC(CCCCCCCCCCCCCCCC)C1CCCCC1,35.07,5.88
"1,2-dimethyl-4-hexadecyl-cyclohexane",Cyclic Paraffin,24,Kinematic,Base Oil,CCCCCCCCCCCCCCCCC1CCC(C)C(C)C1,23.4,2.67
1-hexadecyl-octahydro-1H-indene,Cyclic Paraffin,25,Dynamic,Base Oil,CCCCCCCCCCCCCCCCC1CCC2CCCCC12,14.52,3.22
1-cyclopentyl-hexadecane,Cyclic Paraffin,21,Dynamic,Base Oil,CCCCCCCCCCCCCCCCC1CCCC1,5.8,1.84
"2-hexadecyl-1,1'-bicyclopentyl",Cyclic Paraffin,26,Dynamic,Base Oil,CCCCCCCCCCCCCCCCC1CCCC1C2CCCC2,12.21,2.98
7-hexadecyl-spiro[4.5]decane,Cyclic Paraffin,26,Dynamic,Base Oil,CCCCCCCCCCCCCCCCC1CCCC2(CCCC2)C1,14.65,3.35
1-cyclohexyl-hexadecane,Cyclic Paraffin,22,Dynamic,Base Oil,CCCCCCCCCCCCCCCCC1CCCCC1,7.61,2.04
3-cyclohexyl-eicosane,Cyclic Paraffin,26,Dynamic,Base Oil,CCCCCCCCCCCCCCCCCC(CC)C1CCCCC1,12.46,2.94
5-cyclohexyl-docosane,Cyclic Paraffin,28,Kinematic,Base Oil,CCCCCCCCCCCCCCCCCC(CCCC)C1CCCCC1,18.7,4.03
2-cyclohexyl-eicosane,Cyclic Paraffin,26,Dynamic,Base Oil,CCCCCCCCCCCCCCCCCCC(C)C1CCCCC1,13.53,3.16
"1,3,5-trimethyl-2-octadecyl-cyclohexane",Cyclic Paraffin,27,Dynamic,Base Oil,CCCCCCCCCCCCCCCCCCC1C(C)CC(C)CC1C,16.7,3.13
"1,4-dimethyl-2-octadecyl-cyclohexane",Cyclic Paraffin,26,Kinematic,Base Oil,CCCCCCCCCCCCCCCCCCC1CC(C)CCC1C,15.04,2.86
2-octadecyl-decahydro-naphthalene,Cyclic Paraffin,28,Kinematic,Base Oil,CCCCCCCCCCCCCCCCCCC1CCC2CCCCC2C1,29.7,5.46
1-cyclohexyl-octadecane,Cyclic Paraffin,24,Dynamic,Base Oil,CCCCCCCCCCCCCCCCCCC1CCCCC1,9.66,3.01
1-cyclohexyl-eicosane,Cyclic Paraffin,26,Kinematic,Base Oil,CCCCCCCCCCCCCCCCCCCCC1CCCCC1,15.4,4.03
1-(decahydro-naphthalen-2-yl)-docosane,Cyclic Paraffin,32,Kinematic,Base Oil,CCCCCCCCCCCCCCCCCCCCCCC1CCC2CCCCC2C1,42.66,7.6
1-cyclohexyl-docosane,Cyclic Paraffin,28,Kinematic,Base Oil,CCCCCCCCCCCCCCCCCCCCCCC1CCCCC1,18.9,4.55
cyclohexanecarboxylic acid butyl ester,Cyclic Paraffin,11,Kinematic,Base Oil,CCCCOC(=O)C1CCCCC1,2.29,1
2-ethyl-bicyclohexyl,Cyclic Paraffin,14,Kinematic,Base Oil,C(C)C1C(CCCC1)C1CCCCC1,4.73,1.53
2-isopropyl-bicyclohexyl,Cyclic Paraffin,15,Kinematic,Base Oil,C(C)(C)C1C(CCCC1)C1CCCCC1,6.52,1.89
2-propyl-bicyclohexyl,Cyclic Paraffin,15,Kinematic,Base Oil,C(CC)C1C(CCCC1)C1CCCCC1,6.18,1.69
2-butyl-bicyclohexyl,Cyclic Paraffin,16,Kinematic,Base Oil,C(CCC)C1C(CCCC1)C1CCCCC1,7.63,1.89
2-sec-butyl-bicyclohexyl,Cyclic Paraffin,16,Kinematic,Base Oil,C(C)(CC)C1C(CCCC1)C1CCCCC1,9.25,2.21
2-isobutyl-bicyclohexyl,Cyclic Paraffin,16,Kinematic,Base Oil,C(C(C)C)C1C(CCCC1)C1CCCCC1,7.49,1.87
"2,2-dimethyl-propionic acid 3-(2,2-dimethylpropionyloxy)-2,2-dimethyl-propyl ester",Ester,15,Kinematic,Base Oil,CC(C)(C)C(=O)OCC(C)(C)COC(=O)C(C)(C)C,7.15,1.54
pentaerythritol tetraisobutanoate,Ester,21,Kinematic,Base Oil,C(C(C)C)(=O)OCC(COC(C(C)C)=O)(COC(C(C)C)=O)COC(C(C)C)=O,7.05,3.22
"hexanedioic acid bis-(1,3-dimethyl-butyl) ester",Ester,18,Kinematic,Base Oil,CC(C)CC(C)OC(=O)CCCCC(=O)OC(C)CC(C)C,5.54,1.75
"decanedioic acid bis-(1,3-dimethyl-butyl) ester",Ester,22,Kinematic,Base Oil,CC(C)CC(C)OC(=O)CCCCCCCCC(=O)OC(C)CC(C)C,8.89,2.5
hexanedioic acid bis-(2-isopropyl-5-methyl-hexyl) ester,Ester,26,Kinematic,Base Oil,CC(C)CCC(COC(=O)CCCCC(=O)OCC(CCC(C)C)C(C)C)C(C)C,14.43,3.03
decanedioic acid isotridecyl ester 4-methylcyclohexyl ester,Ester,30,Kinematic,Base Oil,CC(C)CCCCCCCCCCOC(=O)CCCCCCCCC(=O)OC1CCC(C)CC1,34.7,6.12
decanedioic acid isotridecyl ester 1-methylcyclohexylmethyl ester,Ester,31,Kinematic,Base Oil,CC(C)CCCCCCCCCCOC(=O)CCCCCCCCC(=O)OCC1(C)CCCCC1,38.2,6.57
decanedioic acid isotridecyl ester isodecyl ester,Ester,33,Kinematic,Base Oil,CC(C)CCCCCCCCCCOC(=O)CCCCCCCCC(=O)OCCCCCCCC(C)C,28.05,5.61
decanedioic acid diisotridecyl ester,Ester,36,Kinematic,Base Oil,CC(C)CCCCCCCCCCOC(=O)CCCCCCCCC(=O)OCCCCCCCCCCC(C)C,37.9,6.69
decanedioic acid isodecyl ester 1-methylcyclohexylmethyl ester,Ester,28,Kinematic,Base Oil,CC(C)CCCCCCCOC(=O)CCCCCCCCC(=O)OCC1(C)CCCCC1,28.1,5.3
"propane-1,2,3-tricarboxylic acid tris-(3-methyl-butyl) ester",Ester,21,Kinematic,Base Oil,CC(C)CCOC(=O)CC(CC(=O)OCCC(C)C)C(=O)OCCC(C)C,12.2,2.69
2-(4-tert-butyl-benzyl)-butanedioic acid bis-(3-methyl-butyl) ester,Ester,25,Kinematic,Base Oil,CC(C)CCOC(=O)CC(Cc1ccc(cc1)C(C)(C)C)C(=O)OCCC(C)C,43.1,5.8
nonanedioic acid bis-(3-methyl-butyl) ester,Ester,19,Kinematic,Base Oil,CC(C)CCOC(=O)CCCCCCCC(=O)OCCC(C)C,6.84,2.19
decanedioic acid bis-(3-methyl-butyl) ester,Ester,20,Kinematic,Base Oil,CC(C)CCOC(=O)CCCCCCCCC(=O)OCCC(C)C,7.65,2.41
3-methyl-1-(3-methyl-butoxy)-butane,Ester,10,Dynamic,Base Oil,CC(C)CCOCCC(C)C,0.7513,0.3836
decanedioic acid diisopropyl ester,Ester,16,Kinematic,Base Oil,CC(C)OC(=O)CCCCCCCCC(=O)OC(C)C,4.95,1.75
"pentanedioic acid bis-(3,5,5-trimethyl-hexyl) ester",Ester,23,Kinematic,Base Oil,CC(CCOC(=O)CCCC(=O)OCCC(C)CC(C)(C)C)CC(C)(C)C,11.6,3.09
"hexanedioic acid bis-(3,5,5-trimethyl-hexyl) ester",Ester,24,Kinematic,Base Oil,CC(CCOC(=O)CCCCC(=O)OCCC(C)CC(C)(C)C)CC(C)(C)C,11.8,3.26
"nonanedioic acid bis-(3,5,5-trimethyl-hexyl) ester",Ester,27,Kinematic,Base Oil,CC(CCOC(=O)CCCCCCCC(=O)OCCC(C)CC(C)(C)C)CC(C)(C)C,16.2,4.05
"decanedioic acid bis-(3,5,5-trimethyl-hexyl) ester",Ester,28,Kinematic,Base Oil,CC(CCOC(=O)CCCCCCCCC(=O)OCCC(C)CC(C)(C)C)CC(C)(C)C,18.3,4.46
cyclohexanecarboxylic acid (1-methyl-cyclohexyl)-methyl ester,Ester,15,Kinematic,Base Oil,CC1(CCCCC1)COC(=O)C2CCCCC2,11.1,2.67
nonanedioic acid bis-(1-methylcyclohexylmethyl) ester,Ester,25,Kinematic,Base Oil,CC1(CCCCC1)COC(=O)CCCCCCCC(=O)OCC2(C)CCCCC2,42.6,6.8
decanedioic acid bis-(1-methylcyclohexylmethyl) ester,Ester,26,Kinematic,Base Oil,CC1(CCCCC1)COC(=O)CCCCCCCCC(=O)OCC2(C)CCCCC2,44.9,7.04
hexanedioic acid bis-(4-methyl-cyclohexyl) ester,Ester,20,Kinematic,Base Oil,CC1CCC(CC1)OC(=O)CCCCC(=O)OC2CCC(C)CC2,24.68,4.34
decanedioic acid bis-(4-methyl-cyclohexyl) ester,Ester,24,Kinematic,Base Oil,CC1CCC(CC1)OC(=O)CCCCCCCCC(=O)OC2CCC(C)CC2,32.5,5.75
hexanedioic acid bis-(3-methyl-cyclohexyl) ester,Ester,20,Kinematic,Base Oil,CC1CCCC(C1)OC(=O)CCCCC(=O)OC2CCCC(C)C2,17.97,3.73
"2,2-dimethyl-butyric acid 3-(2,2-dimethylbutyryloxy)-2,2-dimethyl-propyl ester",Ester,17,Kinematic,Base Oil,CCC(C)(C)C(=O)OCC(C)(C)COC(=O)C(C)(C)CC,7.33,1.9
hexanedioic acid bis-(2-methyl-butyl) ester,Ester,16,Kinematic,Base Oil,CCC(C)COC(=O)CCCCC(=O)OCC(C)CC,4.7,1.63
"2,2,4-trimethyl-pentane-1,3-diol bis-(2-ethyl-4-methyl-pentanoate)",Ester,24,Kinematic,Base Oil,C(C)C(C(=O)OCC(C(C(C)C)OC(C(CC(C)C)CC)=O)(C)C)CC(C)C,3.58,1.25
"1,5-bis-(2-ethyl-butyryloxy)-pentane",Ester,17,Kinematic,Base Oil,CCC(CC)C(=O)OCCCCCOC(=O)C(CC)CC,4.9,1.71
hexanedioic acid bis-(2-ethyl-butyl) ester,Ester,18,Kinematic,Base Oil,CCC(CC)COC(=O)CCCCC(=O)OCC(CC)CC,5.58,1.85
nonanedioic acid bis-(2-ethyl-butyl) ester,Ester,21,Kinematic,Base Oil,CCC(CC)COC(=O)CCCCCCCC(=O)OCC(CC)CC,8.02,2.41
decanedioic acid bis-(2-ethyl-butyl) ester,Ester,22,Kinematic,Base Oil,CCC(CC)COC(=O)CCCCCCCCC(=O)OCC(CC)CC,9.03,2.63
hexanedioic acid bis-(2-(2-ethyl-butoxy)-ethyl) ester,Ester,22,Kinematic,Base Oil,CCC(CC)COCCOC(=O)CCCCC(=O)OCCOCC(CC)CC,8.93,2.56
hexanedioic acid bis-(1-ethyl-propyl) ester,Ester,16,Kinematic,Base Oil,CCC(CC)OC(=O)CCCCC(=O)OC(CC)CC,4.5,1.49
nonanedioic acid bis-(1-ethyl-propyl) ester,Ester,19,Kinematic,Base Oil,CCC(CC)OC(=O)CCCCCCCC(=O)OC(CC)CC,6.57,1.98
decanedioic acid bis-(1-ethyl-propyl) ester,Ester,20,Kinematic,Base Oil,CCC(CC)OC(=O)CCCCCCCCC(=O)OC(CC)CC,7.07,2.08
"1,2,3-tris-(butyryloxy)-propane",Ester,15,Dynamic,Base Oil,CCCC(=O)OCC(COC(=O)CCC)OC(=O)CCC,5.49,1.62
"1,4,7-tris-(butyryloxy)-octane",Ester,20,Kinematic,Base Oil,CCCC(=O)OCCCC(CCC(C)OC(=O)CCC)OC(=O)CCC,12.8,2.72
"2,2-dimethyl-pentanoic acid 3-(2,2-dimethylpentanoyloxy)-2,2-dimethyl-propyl ester",Ester,19,Kinematic,Base Oil,CCCC(C)(C)C(=O)OCC(C)(C)COC(=O)C(C)(C)CCC,8.52,2.06
"nonanedioic acid 2,2-dimethylpentyl ester 1-methylcyclohexylmethyl ester",Ester,24,Kinematic,Base Oil,CCCC(C)(C)COC(=O)CCCCCCCC(=O)OCC1(C)CCCCC1,20.4,4.23
"decanedioic acid bis-(2,2-dimethyl-pentyl) ester",Ester,24,Kinematic,Base Oil,CCCC(C)(C)COC(=O)CCCCCCCCC(=O)OCC(C)(C)CCC,10.31,2.79
"dodecanedioic acid bis-(2,2-dimethyl-pentyl) ester",Ester,26,Kinematic,Base Oil,CCCC(C)(C)COC(=O)CCCCCCCCCCC(=O)OCC(C)(C)CCC,13.38,3.37
"3-methyl-1,5-bis-(2-methyl-valeryloxy)-pentane",Ester,18,Kinematic,Base Oil,CCCC(C)C(=O)OCCC(C)CCOC(=O)C(C)CCC,4.7,1.63
"1,5-bis-(2-methyl-pentanoyloxy)-pentane",Ester,17,Kinematic,Base Oil,CCCC(C)C(=O)OCCCCCOC(=O)C(C)CCC,4.3,1.51
glutaric acid bis-(2-methyl-pentyl) ester,Ester,17,Kinematic,Base Oil,CCCC(C)COC(=O)CCCC(=O)OCC(C)CCC,4.91,1.69
hexanedioic acid bis-(2-methyl-pentyl) ester,Ester,18,Kinematic,Base Oil,CCCC(C)COC(=O)CCCCC(=O)OCC(C)CCC,5.75,1.87
heptanedioic acid bis-(2-methyl-pentyl) ester,Ester,19,Kinematic,Base Oil,CCCC(C)COC(=O)CCCCCC(=O)OCC(C)CCC,6.35,2.01
"hexane-1,2,3,4,5,6-hexol hexabutanoate",Ester,30,Kinematic,Base Oil,C(CCC)(=O)OCC(C(C(C(COC(CCC)=O)OC(CCC)=O)OC(CCC)=O)OC(CCC)=O)OC(CCC)=O,30.84,4.51
"2,2-dimethyl-hexanoic acid 3-(2,2-dimethylhexanoyloxy)-2,2-dimethyl-propyl ester",Ester,21,Kinematic,Base Oil,CCCCC(C)(C)C(=O)OCC(C)(C)COC(=O)C(C)(C)CCCC,10.33,2.18
"decanedioic acid bis-(2,2-dimethyl-hexyl) ester",Ester,26,Kinematic,Base Oil,CCCCC(C)(C)COC(=O)CCCCCCCCC(=O)OCC(C)(C)CCCC,11.27,3.27
"dodecanedioic acid bis-(2,2-dimethyl-hexyl) ester",Ester,28,Kinematic,Base Oil,CCCCC(C)(C)COC(=O)CCCCCCCCCCC(=O)OCC(C)(C)CCCC,16.86,3.86
"1,10-bis-(2-ethyl-hexanoyloxy)-decane",Ester,26,Kinematic,Base Oil,CCCCC(CC)C(=O)OCCCCCCCCCCOC(=O)C(CC)CCCC,12.5,3.16
"1,6-bis-(2-ethyl-hexanoyloxy)-hexane",Ester,22,Kinematic,Base Oil,CCCCC(CC)C(=O)OCCCCCCOC(=O)C(CC)CCCC,8.34,2.25
"1,3-bis-(2-ethyl-hexanoyloxy)-propane",Ester,19,Kinematic,Base Oil,CCCCC(CC)C(=O)OCCCOC(=O)C(CC)CCCC,5.87,1.65
"1,2-bis-[2-(2-ethyl-hexanoyloxy)-ethoxy]-ethane",Ester,22,Kinematic,Base Oil,CCCCC(CC)C(=O)OCCOCCOCCOC(=O)C(CC)CCCC,8.61,2.31
"2-ethyl-2-(hydroxymethyl)-propane-1,3-diol tris-(2-ethylhexanoate)",Ester,30,Kinematic,Base Oil,CCCCC(CC)C(O)=OCCCCC(CC)C(O)=OCCCCC(CC)C(O)=OCCC(CO)(CO)CO,29.1,4.22
"pentane-1,5-diol bis-(2-ethyl-hexanoate)",Ester,21,Kinematic,Base Oil,C(C)C(C(=O)OCCCCCOC(C(CCCC)CC)=O)CCCC,7.6,2.08
pentanedioic acid bis-(4-ethyl-1-methyl-octyl) ester,Ester,27,Kinematic,Base Oil,CCCCC(CC)CCC(C)OC(=O)CCCC(=O)OC(C)CCC(CC)CCCC,15.05,3.35
hexanedioic acid bis-(4-ethyl-1-methyl-octyl) ester,Ester,28,Kinematic,Base Oil,CCCCC(CC)CCC(C)OC(=O)CCCCC(=O)OC(C)CCC(CC)CCCC,16.75,3.6
decanedioic acid bis-(4-ethyl-1-methyl-octyl) ester,Ester,32,Kinematic,Base Oil,CCCCC(CC)CCC(C)OC(=O)CCCCCCCCC(=O)OC(C)CCC(CC)CCCC,23.6,4.81
pentanedioic acid bis-(4-ethyl-1-isobutyl-octyl) ester,Ester,33,Kinematic,Base Oil,CCCCC(CC)CCC(CC(C)C)OC(=O)CCCC(=O)OC(CCC(CC)CCCC)CC(C)C,30.9,4.68
hexanedioic acid bis-(4-ethyl-1-isobutyl-octyl) ester,Ester,34,Kinematic,Base Oil,CCCCC(CC)CCC(CC(C)C)OC(=O)CCCCC(=O)OC(CCC(CC)CCCC)CC(C)C,32.7,4.99
decanedioic acid bis-(4-ethyl-1-isobutyl-octyl) ester,Ester,38,Kinematic,Base Oil,CCCCC(CC)CCC(CC(C)C)OC(=O)CCCCCCCCC(=O)OC(CCC(CC)CCCC)CC(C)C,42,6
"cis-cyclohexane-1,3-diyl-diacetic acid bis-(2-ethyl-hexyl) ester",Ester,26,Kinematic,Base Oil,CCCCC(CC)COC(=O)C[C@@H]1CCC[C@@H](C1)CC(=O)OCC(CC)CCCC,18.33,3.91
"cyclohexane-1,3-dicarboxylic acid bis-(2-ethyl-hexyl) ester",Ester,24,Kinematic,Base Oil,CCCCC(CC)COC(=O)C1CCCC(C1)C(=O)OCC(CC)CCCC,16.92,3.5
cyclohexanecarboxylic acid 2-ethyl-hexyl ester,Ester,15,Kinematic,Base Oil,CCCCC(CC)COC(=O)C1CCCCC1,4.04,1.47
"cyclohexane-1,2-dicarboxylic acid bis-(2-ethyl-hexyl) ester",Ester,24,Kinematic,Base Oil,CCCCC(CC)COC(=O)C1CCCCC1C(=O)OCC(CC)CCCC,19.3,3.45
3-(2-ethyl-hexyloxycarbonyl)-pent-2-enedioic acid bis-(2-ethyl-hexyl) ester,Ester,30,Kinematic,Base Oil,CCCCC(CC)COC(=O)CC(=CC(=O)OCC(CC)CCCC)C(=O)OCC(CC)CCCC,28.7,4.74
pentanedioic acid bis-(2-ethyl-hexyl) ester,Ester,21,Kinematic,Base Oil,CCCCC(CC)COC(=O)CCCC(=O)OCC(CC)CCCC,7.28,2.07
4-(4-methyl-cyclohexyl)-butyric acid 2-ethyl-hexyl ester,Ester,19,Kinematic,Base Oil,CCCCC(CC)COC(=O)CCCC1CCC(C)CC1,6.72,1.97
hexanedioic acid bis-(2-ethyl-hexyl) ester,Ester,22,Kinematic,Base Oil,CCCCC(CC)COC(=O)CCCCC(=O)OCC(CC)CCCC,8.02,2.31
heptanedioic acid bis-(2-ethyl-hexyl) ester,Ester,23,Kinematic,Base Oil,CCCCC(CC)COC(=O)CCCCCC(=O)OCC(CC)CCCC,9.02,2.55
nonanedioic acid bis-(2-ethyl-hexyl) ester,Ester,25,Kinematic,Base Oil,CCCCC(CC)COC(=O)CCCCCCCC(=O)OCC(CC)CCCC,10.9,2.96
decanedioic acid bis-(2-ethyl-hexyl) ester,Ester,26,Kinematic,Base Oil,CCCCC(CC)COC(=O)CCCCCCCCC(=O)OCC(CC)CCCC,11.9,2.93
pentaerythritol tetrapentanoate,Ester,25,Kinematic,Base Oil,C(CCCC)(=O)OCC(COC(CCCC)=O)(COC(CCCC)=O)COC(CCCC)=O,16.8,3.54
"1,6-bis-(hexanoyloxy)-2,5-dimethyl-hexane",Ester,20,Kinematic,Base Oil,CCCCCC(=O)OCC(C)CCC(C)COC(=O)CCCCC,6.88,2.01
"hexanoic acid 2,2-bis-(hexanoyloxymethyl)-butyl ester",Ester,24,Kinematic,Base Oil,CCCCCC(=O)OCC(CC)(COC(=O)CCCCC)COC(=O)CCCCC,11.8,2.96
"hexanoic acid 3-hexanoyloxy-2,2-bis- (hexanoyloxymethyl)-propyl ester",Ester,29,Kinematic,Base Oil,CCCCCC(=O)OCC(COC(=O)CCCCC)(COC(=O)CCCCC)COC(=O)CCCCC,19.2,4.27
"1,2,3-tris-(hexanoyloxy)-propane",Ester,21,Kinematic,Base Oil,CCCCCC(=O)OCC(COC(=O)CCCCC)OC(=O)CCCCC,9.28,2.72
"1,5-bis-(hexanoyloxy)-3-methyl-pentane",Ester,18,Kinematic,Base Oil,CCCCCC(=O)OCCC(C)CCOC(=O)CCCCC,5.16,1.81
"1,4,7-tris-(hexanoyloxy)-heptane",Ester,25,Kinematic,Base Oil,CCCCCC(=O)OCCCC(CCCOC(=O)CCCCC)OC(=O)CCCCC,12.9,3.2
"1,2,6-tris-(hexanoyloxy)-hexane",Ester,24,Kinematic,Base Oil,CCCCCC(=O)OCCCCC(COC(=O)CCCCC)OC(=O)CCCCC,11.8,2.99
"2,2-dimethyl-heptanoic acid 3-(2,2-dimethylheptanoyloxy)-2,2-dimethyl-propyl ester",Ester,23,Kinematic,Base Oil,CCCCCC(C)(C)C(=O)OCC(C)(C)COC(=O)C(C)(C)CCCCC,14.3,2.6
"hexanedioic acid bis-(2,2-dimethyl-heptyl) ester",Ester,24,Kinematic,Base Oil,CCCCCC(C)(C)COC(=O)CCCCC(=O)OCC(C)(C)CCCCC,8.44,2.4
"decanedioic acid bis-(2,2-dimethyl-heptyl) ester",Ester,28,Kinematic,Base Oil,CCCCCC(C)(C)COC(=O)CCCCCCCCC(=O)OCC(C)(C)CCCCC,9.24,3.36
"dodecanedioic acid bis-(2,2-dimethyl-heptyl) ester",Ester,30,Kinematic,Base Oil,CCCCCC(C)(C)COC(=O)CCCCCCCCCCC(=O)OCC(C)(C)CCCCC,18.87,4.02
decanedioic acid isotridecyl ester 2-propylheptyl ester,Ester,32,Kinematic,Base Oil,CCCCCC(CCC)COC(=O)CCCCCCCCC(=O)OCCCCCCCCCCC(C)C,24.9,4.87
pentaerythritol tetrahexanoate,Ester,29,Kinematic,Base Oil,C(CCCCC)(=O)OCC(COC(CCCCC)=O)(COC(CCCCC)=O)COC(CCCCC)=O,20.1,4.13
pentaerythritol trihexanoate cyclohexanecarboxylate,Ester,30,Kinematic,Base Oil,C1(CCCCC1)C(=O)OCC(COC(CCCCC)=O)(COC(CCCCC)=O)COC(CCCCC)=O,34.7,5.79
"heptanoic acid 2,2-bis-(heptanoyloxymethyl)-butyl ester",Ester,27,Kinematic,Base Oil,CCCCCCC(=O)OCC(CC)(COC(=O)CCCCCC)COC(=O)CCCCCC,14.7,3.41
"2,2-dimethyl-octanoic acid 3-(2,2-dimethyloctanoyloxy)-2,2-dimethyl-propyl ester",Ester,25,Kinematic,Base Oil,CCCCCCC(C)(C)C(=O)OCC(C)(C)COC(=O)C(C)(C)CCCCCC,14.61,2.64
"decanedioic acid bis-(2,2-dimethyl-octyl) ester",Ester,30,Kinematic,Base Oil,CCCCCCC(C)(C)COC(=O)CCCCCCCCC(=O)OCC(C)(C)CCCCCC,15.43,3.8
"dodecanedioic acid bis-(2,2-dimethyl-octyl) ester",Ester,32,Kinematic,Base Oil,CCCCCCC(C)(C)COC(=O)CCCCCCCCCCC(=O)OCC(C)(C)CCCCCC,21.63,4.45
decanedioic acid bis-(1-methyl-heptyl) ester,Ester,26,Kinematic,Base Oil,CCCCCCC(C)OC(=O)CCCCCCCCC(=O)OC(C)CCCCCC,12.62,3.24
12-propionyloxy-octadecanoic acid isopropyl ester,Ester,24,Kinematic,Base Oil,CCCCCCC(CCCCCCCCCCC(=O)OC(C)C)OC(=O)CC,12.09,3.04
12-propionyloxy-octadecanoic acid methyl ester,Ester,22,Kinematic,Base Oil,CCCCCCC(CCCCCCCCCCC(=O)OC)OC(=O)CC,10.25,2.65
12-propionyloxy-octadecanoic acid 2-methyl-pentyl ester,Ester,27,Kinematic,Base Oil,CCCCCCC(CCCCCCCCCCC(=O)OCC(C)CCC)OC(=O)CC,20.59,4.01
12-acetoxy-octadecanoic acid 2-ethyl-butyl ester,Ester,26,Kinematic,Base Oil,CCCCCCC(CCCCCCCCCCC(=O)OCC(CC)CC)OC(C)=O,16.5,3.73
12-(2-ethyl-butyryloxy)-octadecanoic acid 2-ethyl-hexyl ester,Ester,32,Kinematic,Base Oil,CCCCCCC(CCCCCCCCCCC(=O)OCC(CC)CCCC)OC(=O)C(CC)CC,23.23,4.79
12-propionyloxy-octadecanoic acid 2-ethyl-hexyl ester,Ester,29,Kinematic,Base Oil,CCCCCCC(CCCCCCCCCCC(=O)OCC(CC)CCCC)OC(=O)CC,17.26,3.99
12-butyryloxy-octadecanoic acid 2-ethyl-hexyl ester,Ester,30,Kinematic,Base Oil,CCCCCCC(CCCCCCCCCCC(=O)OCC(CC)CCCC)OC(=O)CCC,19.19,4.33
12-acetoxy-octadecanoic acid 2-ethyl-hexyl ester,Ester,28,Kinematic,Base Oil,CCCCCCC(CCCCCCCCCCC(=O)OCC(CC)CCCC)OC(C)=O,18.66,4.14
hexanedioic acid 11-butoxycarbonyl-1-hexyl-undecyl ester methyl ester,Ester,29,Kinematic,Base Oil,CCCCCCC(CCCCCCCCCCC(=O)OCCCC)OC(=O)CCCCC(=O)OC,20.9,4.64
12-acetoxy-octadecanoic acid butyl ester,Ester,24,Kinematic,Base Oil,CCCCCCC(CCCCCCCCCCC(=O)OCCCC)OC(C)=O,13.4,3.41
12-acetoxy-octadecanoic acid 2-methoxy-ethyl ester,Ester,23,Kinematic,Base Oil,CCCCCCC(CCCCCCCCCCC(=O)OCCOC)OC(C)=O,15.05,3.49
12-acetoxy-octadecanoic acid 2-(2-methoxy-ethoxy)-ethyl ester,Ester,25,Kinematic,Base Oil,CCCCCCC(CCCCCCCCCCC(=O)OCCOCCOC)OC(C)=O,19.3,4.23
pentaerythritol dipentanoate diheptanoate,Ester,29,Kinematic,Base Oil,C(CCCCCC)(=O)OCC(COC(CCCC)=O)(COC(CCCC)=O)COC(CCCCCC)=O,18.96,3.97
pentaerythritol tetraheptanoate,Ester,33,Kinematic,Base Oil,C(CCCCCC)(=O)OCC(COC(CCCCCC)=O)(COC(CCCCCC)=O)COC(CCCCCC)=O,21.4,4.37
"octanoic acid 2,2-bis-(octanoyloxymethyl)-butyl ester",Ester,30,Kinematic,Base Oil,CCCCCCCC(=O)OCC(CC)(COC(=O)CCCCCCC)COC(=O)CCCCCCC,18.2,3.97
"1,2,3-tris-(octanoyloxy)-propane",Ester,27,Dynamic,Base Oil,CCCCCCCC(=O)OCC(COC(=O)CCCCCCC)OC(=O)CCCCCCC,11.57,2.81
"1,6-bis-(octanoyloxy)-hexane",Ester,22,Kinematic,Base Oil,CCCCCCCC(=O)OCCCCCCOC(=O)CCCCCCC,8.22,2.52
"hexanedioic acid bis-(2,2-dimethyl-nonyl) ester",Ester,28,Kinematic,Base Oil,CCCCCCCC(C)(C)COC(=O)CCCCC(=O)OCC(C)(C)CCCCCCC,13.5,3.1
"decanedioic acid bis-(2,2-dimethyl-nonyl) ester",Ester,32,Kinematic,Base Oil,CCCCCCCC(C)(C)COC(=O)CCCCCCCCC(=O)OCC(C)(C)CCCCCCC,23.6,4.42
"dodecanedioic acid bis-(2,2-dimethyl-nonyl) ester",Ester,34,Kinematic,Base Oil,CCCCCCCC(C)(C)COC(=O)CCCCCCCCCCC(=O)OCC(C)(C)CCCCCCC,27,4.94
acetic acid 2-heptyl-nonyl ester,Ester,18,Dynamic,Base Oil,CCCCCCCC(CCCCCCC)COC(C)=O,3.99,1.26
hexanedioic acid bis-(2-isopropyl-nonyl) ester,Ester,30,Kinematic,Base Oil,CCCCCCCC(COC(=O)CCCCC(=O)OCC(CCCCCCC)C(C)C)C(C)C,20.14,4.24
pentaerythritol tetraoctanoate,Ester,37,Kinematic,Base Oil,C(CCCCCCC)(=O)OCC(COC(CCCCCCC)=O)(COC(CCCCCCC)=O)COC(CCCCCCC)=O,26.8,5.11
cis-octadec-9-enoic acid methyl ester,Ester,19,Dynamic,Base Oil,CCCCCCCC\C=C/CCCCCCCC(=O)OC,4.13,1.48
cis-octadec-9-enoic acid ethyl ester,Ester,20,Dynamic,Base Oil,CCCCCCCC\C=C/CCCCCCCC(=O)OCC,4.37,1.6
cis-octadec-9-enoic acid propyl ester,Ester,21,Dynamic,Base Oil,CCCCCCCC\C=C/CCCCCCCC(=O)OCCC,4.93,1.75
cis-octadec-9-enoic acid butyl ester,Ester,22,Kinematic,Base Oil,CCCCCCCC\C=C/CCCCCCCC(=O)OCCCC,5.44,1.91
cis-octadec-9-enoic acid pentyl ester,Ester,23,Dynamic,Base Oil,CCCCCCCC\C=C/CCCCCCCC(=O)OCCCCC,7.72,2.1
bis-(2-nonanoyloxy-propyl)-ether,Ester,24,Kinematic,Base Oil,CCCCCCCCC(=O)OC(C)COCC(C)OC(=O)CCCCCCCC,9.57,2.7
"2,2,4-trimethyl-1,3-bis-(nonanoyloxy)-pentane",Ester,26,Kinematic,Base Oil,CCCCCCCCC(=O)OCC(C)(C)C(OC(=O)CCCCCCCC)C(C)C,11.5,2.99
"2,2-dimethyl-1,3-bis-(nonanoyloxy)-propane",Ester,23,Kinematic,Base Oil,CCCCCCCCC(=O)OCC(C)(C)COC(=O)CCCCCCCC,8.92,2.54
"2-methyl-1,3-bis-(nonanoyloxy)-2- nonanoyloxymethyl-propane",Ester,32,Kinematic,Base Oil,CCCCCCCCC(=O)OCC(C)(COC(=O)CCCCCCCC)COC(=O)CCCCCCCC,19.95,4.37
"2-methyl-1,3-bis-(nonanoyloxy)-pentane",Ester,24,Kinematic,Base Oil,CCCCCCCCC(=O)OCC(C)C(CC)OC(=O)CCCCCCCC,9.7,2.68
"3,3-bis-(nonanoyloxymethyl)-heptane",Ester,27,Kinematic,Base Oil,CCCCCCCCC(=O)OCC(CC)(CCCC)COC(=O)CCCCCCCC,13.5,3.24
"nonanoic acid 2,2-bis-(nonanoyloxymethyl)-butyl ester",Ester,33,Kinematic,Base Oil,CCCCCCCCC(=O)OCC(CC)(COC(=O)CCCCCCCC)COC(=O)CCCCCCCC,21.05,4.52
"nonanoic acid 2-butyl-5-nonanoyloxymethyl1,3-dioxan-5-ylmethyl ester",Ester,28,Kinematic,Base Oil,CCCCCCCCC(=O)OCC1(COC(CCCC)OC1)COC(=O)CCCCCCCC,28.89,4.8
"1,4,7-tris-(nonanoyloxy)-octane",Ester,35,Kinematic,Base Oil,CCCCCCCCC(=O)OCCCC(CCC(C)OC(=O)CCCCCCCC)OC(=O)CCCCCCCC,20.95,4.45
"decanedioic acid bis-(2,2-dimethyl-decyl) ester",Ester,34,Kinematic,Base Oil,CCCCCCCCC(C)(C)COC(=O)CCCCCCCCC(=O)OCC(C)(C)CCCCCCCC,30.43,5.26
"dodecanedioic acid bis-(2,2-dimethyl-decyl) ester",Ester,36,Kinematic,Base Oil,CCCCCCCCC(C)(C)COC(=O)CCCCCCCCCCC(=O)OCC(C)(C)CCCCCCCC,32.77,5.39
acetic acid 2-hexyl-decyl ester,Ester,18,Dynamic,Base Oil,CCCCCCCCC(CCCCCC)COC(C)=O,3.93,1.24
2-octyl-decanedioic acid bis-(2-ethyl-hexyl) ester,Ester,34,Kinematic,Base Oil,CCCCCCCCC(CCCCCCCC(=O)OCC(CC)CCCC)C(=O)OCC(CC)CCCC,21.5,4.65
10-acetoxy-octadecanoic acid methyl ester,Ester,21,Kinematic,Base Oil,CCCCCCCCC(CCCCCCCCC(=O)OC)OC(C)=O,10.8,2.75
2-hydroxy-2-octyl-decanedioic acid diisobutyl ester,Ester,26,Kinematic,Base Oil,CCCCCCCCC(O)(CCCCCCCC(=O)OCC(C)C)C(=O)OCC(C)C,31.8,3.12
pentaerythritol dinonanoate diisooctanoate,Ester,39,Kinematic,Base Oil,C(CCCCC(C)C)(=O)OCC(COC(CCCCCCCC)=O)(COC(CCCCCCCC)=O)COC(CCCCC(C)C)=O,43,6.52
"2,2-diethyl-pentane-1,3-diol dinonanoate",Ester,27,Kinematic,Base Oil,C(CCCCCCCC)(=O)OCC(C(CC)OC(CCCCCCCC)=O)(CC)CC,11.05,3
pentaerythritol dipentanoate dinonanoate,Ester,33,Kinematic,Base Oil,C(CCCCCCCC)(=O)OCC(COC(CCCC)=O)(COC(CCCC)=O)COC(CCCCCCCC)=O,18.7,4.11
pentaerythritol diheptanoate dinonanoate,Ester,37,Kinematic,Base Oil,C(CCCCCCCC)(=O)OCC(COC(CCCCCC)=O)(COC(CCCCCC)=O)COC(CCCCCCCC)=O,27.9,5.14
"9,10-diacetoxy-octadecanoic acid butyl ester",Ester,26,Kinematic,Base Oil,CCCCCCCCC(OC(C)=O)C(CCCCCCCC(=O)OCCCC)OC(C)=O,30.1,4.98
"2-ethyl-2-(hydroxymethyl)-propane-1,3-diol isodecanoate octadec-9-enoate pentanoate",Ester,39,Kinematic,Base Oil,C(CCCC)(=O)OC(CCCCCCCC=CCCCCCCCC)(=O)OCC(COC(CCCCCCC(C)C)=O)(CO)CC,35.9,6.54
"1,3-bis-(decanoyloxy)-2,2,4-trimethyl-pentane",Ester,28,Kinematic,Base Oil,CCCCCCCCCC(=O)OCC(C)(C)C(OC(=O)CCCCCCCCC)C(C)C,13.85,3.42
"1,3-bis-(decanoyloxy)-2-decanoyloxymethyl2-methyl-propane",Ester,35,Kinematic,Base Oil,CCCCCCCCCC(=O)OCC(C)(COC(=O)CCCCCCCCC)COC(=O)CCCCCCCCC,23.25,5.01
"1-decanoyloxy-2,2-bis-(decanoyloxymethyl)-butane",Ester,36,Kinematic,Base Oil,CCCCCCCCCC(=O)OCC(CC)(COC(=O)CCCCCCCCC)COC(=O)CCCCCCCCC,25.97,5.24
undecan-2-one,Ester,11,Dynamic,Base Oil,CCCCCCCCCC(C)=O,1.42,0.63
acetic acid 2-pentyl-undecyl ester,Ester,18,Dynamic,Base Oil,CCCCCCCCCC(CCCCC)COC(C)=O,4,1.27
9-acetoxy-octadecanoic acid methyl ester,Ester,21,Kinematic,Base Oil,CCCCCCCCCC(CCCCCCCC(=O)OC)OC(C)=O,10.8,2.71
"2-ethyl-2-(hydroxymethyl)-propane-1,3-diol didecanoate heptanoate",Ester,33,Kinematic,Base Oil,CCCCCCCCCC(O)=OCCCCCCCCCC(O)=OCCCCCCC(O)=OCCC(CO)(CO)CO,21.8,3.56
acetic acid 2-butyl-dodecyl ester,Ester,18,Dynamic,Base Oil,CCCCCCCCCCC(CCCC)COC(C)=O,4.09,1.28
"2-ethyl-2-(hydroxymethyl)-propane-1,3-diol diundecanoate 4-cyclohexylbutanoate",Ester,38,Kinematic,Base Oil,CCCCCCCCCCC(O)=OCCCCCCCCCCC(O)=OCCC(CO)(CO)COOC(=O)CCCC1CCCCC1,43.2,7.54
pentaerythritol dihexanoate diundecanoate,Ester,39,Kinematic,Base Oil,C(CCCCCCCCCC)(=O)OCC(COC(CCCCC)=O)(COC(CCCCC)=O)COC(CCCCCCCCCC)=O,34.5,6.02
dodecanoic acid 4-methyl-cyclohexyl ester,Ester,19,Kinematic,Base Oil,CCCCCCCCCCCC(=O)OC1CCC(C)CC1,7.53,2.25
dodecanoic acid 3-methyl-cyclohexyl ester,Ester,19,Kinematic,Base Oil,CCCCCCCCCCCC(=O)OC1CCCC(C)C1,6.81,2.08
dodecanoic acid cyclohexyl ester,Ester,18,Kinematic,Base Oil,CCCCCCCCCCCC(=O)OC1CCCCC1,7.08,2.22
dodecanoic acid pentyl ester,Ester,17,Kinematic,Base Oil,CCCCCCCCCCCC(=O)OCCCCC,3.99,1.52
dodecanoic acid decyl ester,Ester,22,Kinematic,Base Oil,CCCCCCCCCCCC(=O)OCCCCCCCCCC,7.19,2.28
acetic acid 2-propyl-tridecyl ester,Ester,18,Dynamic,Base Oil,CCCCCCCCCCCC(CCC)COC(C)=O,3.96,1.3
2-dodecyl-butanedioic acid diisopropyl ester,Ester,22,Kinematic,Base Oil,CCCCCCCCCCCCC(CC(=O)OC(C)C)C(=O)OC(C)C,14.55,2.98
2-dodecyl-butanedioic acid dimethyl ester,Ester,18,Kinematic,Base Oil,CCCCCCCCCCCCC(CC(=O)OC)C(=O)OC,8.88,2.25
2-dodecyl-butanedioic acid bis-(2-ethyl-hexyl) ester,Ester,32,Kinematic,Base Oil,CCCCCCCCCCCCC(CC(=O)OCC(CC)CCCC)C(=O)OCC(CC)CCCC,18.9,4.05
dodecyl-butanedioic acid diethyl ester,Ester,20,Kinematic,Base Oil,CCCCCCCCCCCCC(CC(=O)OCC)C(=O)OCC,8.7,2.2
2-dodecyl-butanedioic acid bis-(3-methyl-butyl) ester,Ester,26,Kinematic,Base Oil,CCCCCCCCCCCCC(CC(=O)OCCC(C)C)C(=O)OCCC(C)C,13.9,3.1
2-dodecyl-butanedioic acid dipropyl ester,Ester,22,Kinematic,Base Oil,CCCCCCCCCCCCC(CC(=O)OCCC)C(=O)OCCC,9.45,2.5
dodecyl-butanedioic acid dibutyl ester,Ester,24,Kinematic,Base Oil,CCCCCCCCCCCCC(CC(=O)OCCCC)C(=O)OCCCC,9.9,2.7
2-dodecyl-butanedioic acid dioctyl ester,Ester,32,Kinematic,Base Oil,CCCCCCCCCCCCC(CC(=O)OCCCCCCCC)C(=O)OCCCCCCCC,16.7,3.9
acetic acid 2-ethyl-tetradecyl ester,Ester,18,Dynamic,Base Oil,CCCCCCCCCCCCC(CC)COC(C)=O,4.21,1.38
tetradecanoic acid methyl ester,Ester,15,Kinematic,Base Oil,CCCCCCCCCCCCCC(=O)OC,3.44,1.34
tetradecanoic acid isopropyl ester,Ester,17,Kinematic,Base Oil,CCCCCCCCCCCCCC(=O)OC(C)C,4.2,1.58
tetradecanoic acid ethyl ester,Ester,16,Kinematic,Base Oil,CCCCCCCCCCCCCC(=O)OCC,3.63,1.43
tetradecanoic acid propyl ester,Ester,17,Kinematic,Base Oil,CCCCCCCCCCCCCC(=O)OCCC,4.48,1.65
acetic acid 2-methyl-pentadecyl ester,Ester,18,Dynamic,Base Oil,CCCCCCCCCCCCCC(C)COC(C)=O,4.22,1.42
pentaerythritol trihexanoate tetradecanoate,Ester,37,Kinematic,Base Oil,C(CCCCCCCCCCCCC)(=O)OCC(COC(CCCCC)=O)(COC(CCCCC)=O)COC(CCCCC)=O,35.2,6.08
hexadecanoic acid methyl ester,Ester,17,Kinematic,Base Oil,CCCCCCCCCCCCCCCC(=O)OC,4.65,1.68
hexadecanoic acid isopropyl ester,Ester,19,Kinematic,Base Oil,CCCCCCCCCCCCCCCC(=O)OC(C)C,3.22,1.78
hexadecanoic acid ethyl ester,Ester,18,Dynamic,Base Oil,CCCCCCCCCCCCCCCC(=O)OCC,4.04,1.55
2-acetoxy-octadecanoic acid butyl ester,Ester,24,Kinematic,Base Oil,CCCCCCCCCCCCCCCCC(OC(C)=O)C(=O)OCCCC,13.1,2.98
octadecanoic acid methyl ester,Ester,19,Kinematic,Base Oil,CCCCCCCCCCCCCCCCCC(=O)OC,5.61,1.95
octadecanoic acid isopropyl ester,Ester,21,Kinematic,Base Oil,CCCCCCCCCCCCCCCCCC(=O)OC(C)C,6.64,2.24
octadecanoic acid ethyl ester,Ester,20,Dynamic,Base Oil,CCCCCCCCCCCCCCCCCC(=O)OCC,5.34,1.75
octadecanoic acid propyl ester,Ester,21,Kinematic,Base Oil,CCCCCCCCCCCCCCCCCC(=O)OCCC,6.84,2.29
octadecanoic acid pentyl ester,Ester,23,Kinematic,Base Oil,CCCCCCCCCCCCCCCCCC(=O)OCCCCC,8.23,2.54
octadecanoic acid decyl ester,Ester,28,Kinematic,Base Oil,CCCCCCCCCCCCCCCCCC(=O)OCCCCCCCCCC,12.95,3.76
decanedioic acid octadecyl ester 1-methylcyclohexylmethyl ester,Ester,36,Kinematic,Base Oil,CCCCCCCCCCCCCCCCCCOC(=O)CCCCCCCCC(=O)OCC1(C)CCCCC1,37.8,7.19
dodecanoic acid octadecyl ester,Ester,30,Kinematic,Base Oil,CCCCCCCCCCCCCCCCCCOC(=O)CCCCCCCCCCC,16.9,4.25
octadecanoic acid octadecyl ester,Ester,36,Kinematic,Base Oil,CCCCCCCCCCCCCCCCCCOC(=O)CCCCCCCCCCCCCCCCC,26,5.95
acetic acid octadecyl ester,Ester,20,Kinematic,Base Oil,CCCCCCCCCCCCCCCCCCOC(C)=O,7.36,2.28
acetic acid hexadecyl ester,Ester,18,Dynamic,Base Oil,CCCCCCCCCCCCCCCCOC(C)=O,4.48,1.47
decanedioic acid isotridecyl ester tetradecyl ester,Ester,37,Kinematic,Base Oil,CCCCCCCCCCCCCCOC(=O)CCCCCCCCC(=O)OCCCCCCCCCCC(C)C,25.6,4.77
dodecan-1-ol,Ester,12,Dynamic,Base Oil,CCCCCCCCCCCCO,9.68,2.01
cis-4-methyl-cyclohexanecarboxylic acid dodecyl ester,Ester,20,Kinematic,Base Oil,CCCCCCCCCCCCOC(=O)[C@@H]1CC[C@H](C)CC1,8.48,2.41
cis-3-methyl-cyclohexanecarboxylic acid dodecyl ester,Ester,20,Kinematic,Base Oil,CCCCCCCCCCCCOC(=O)[C@H]1CCC[C@@H](C)C1,7.78,2.3
cyclopentanecarboxylic acid dodecyl ester,Ester,18,Kinematic,Base Oil,CCCCCCCCCCCCOC(=O)C1CCCC1,5.71,1.9
cyclohexanecarboxylic acid dodecyl ester,Ester,19,Kinematic,Base Oil,CCCCCCCCCCCCOC(=O)C1CCCCC1,7.67,2.36
(4-methyl-cyclohexyl)-acetic acid dodecyl ester,Ester,21,Kinematic,Base Oil,CCCCCCCCCCCCOC(=O)CC1CCC(C)CC1,9.34,2.69
cyclohexyl-acetic acid dodecyl ester,Ester,20,Kinematic,Base Oil,CCCCCCCCCCCCOC(=O)CC1CCCCC1,8.17,2.47
3-cyclohexyl-propionic acid dodecyl ester,Ester,21,Kinematic,Base Oil,CCCCCCCCCCCCOC(=O)CCC1CCCCC1,9.29,2.72
4-(4-methyl-cyclohexyl)-butyric acid dodecyl ester,Ester,23,Kinematic,Base Oil,CCCCCCCCCCCCOC(=O)CCCC1CCC(C)CC1,11.81,3.39
4-cyclohexyl-butyric acid dodecyl ester,Ester,22,Kinematic,Base Oil,CCCCCCCCCCCCOC(=O)CCCC1CCCCC1,10.96,3.15
undecan-1-ol,Ester,11,Dynamic,Base Oil,CCCCCCCCCCCO,8.06,1.63
decan-1-ol,Ester,10,Dynamic,Base Oil,CCCCCCCCCCO,6.8347,1.635
hexanoic acid decyl ester,Ester,16,Kinematic,Base Oil,CCCCCCCCCCOC(=O)CCCCC,3.42,1.35
decanedioic acid decyl ester 1-methylcyclohexylmethyl ester,Ester,28,Kinematic,Base Oil,CCCCCCCCCCOC(=O)CCCCCCCCC(=O)OCC1(C)CCCCC1,22.9,5.1
3-decyloxy-propionic acid decyl ester,Ester,23,Kinematic,Base Oil,CCCCCCCCCCOCCC(=O)OCCCCCCCCCC,8.14,2.48
hexanedioic acid dinonyl ester,Ester,24,Kinematic,Base Oil,CCCCCCCCCOC(=O)CCCCC(=O)OCCCCCCCCC,16.08,3.2
nonanedioic acid nonyl ester 1-methylcyclohexylmethyl ester,Ester,26,Kinematic,Base Oil,CCCCCCCCCOC(=O)CCCCCCCC(=O)OCC1(C)CCCCC1,19.4,4.4
cis-4-methyl-cyclohexanecarboxylic acid octyl ester,Ester,16,Kinematic,Base Oil,CCCCCCCCOC(=O)[C@@H]1CC[C@H](C)CC1,4.77,1.63
"cis-cyclohexane-1,3-diyl-diacetic acid dioctyl ester",Ester,26,Kinematic,Base Oil,CCCCCCCCOC(=O)C[C@H]1CCC[C@H](C1)CC(=O)OCCCCCCCC,14.97,3.81
4-methyl-benzoic acid octyl ester,Ester,16,Kinematic,Base Oil,CCCCCCCCOC(=O)c1ccc(C)cc1,5.47,1.51
4-methoxy-isophthalic acid dioctyl ester,Ester,25,Kinematic,Base Oil,CCCCCCCCOC(=O)c1ccc(OC)c(c1)C(=O)OCCCCCCCC,43.7,5.9
"cyclohexane-1,3-dicarboxylic acid dioctyl ester",Ester,24,Kinematic,Base Oil,CCCCCCCCOC(=O)C1CCCC(C1)C(=O)OCCCCCCCC,14.38,3.67
"cyclohexane-1,2-dicarboxylic acid dioctyl ester",Ester,24,Kinematic,Base Oil,CCCCCCCCOC(=O)C1CCCCC1C(=O)OCCCCCCCC,13.78,3.17
2-(3-methyl-benzyl)-butanedioic acid dioctyl ester,Ester,28,Kinematic,Base Oil,CCCCCCCCOC(=O)CC(Cc1cccc(C)c1)C(=O)OCCCCCCCC,24.2,4.89
4-(4-methyl-cyclohexyl)-butyric acid octyl ester,Ester,19,Kinematic,Base Oil,CCCCCCCCOC(=O)CCCC1CCC(C)CC1,7.04,2.15
hexanedioic acid dioctyl ester,Ester,22,Kinematic,Base Oil,CCCCCCCCOC(=O)CCCCC(=O)OCCCCCCCC,8.5,2.3
decanedioic acid dioctyl ester,Ester,26,Kinematic,Base Oil,CCCCCCCCOC(=O)CCCCCCCCC(=O)OCCCCCCCC,12.3,3.46
3-octyloxy-propionic acid octyl ester,Ester,19,Kinematic,Base Oil,CCCCCCCCOCCC(=O)OCCCCCCCC,5.27,1.77
"propane-1,2,3-tricarboxylic acid trihexyl ester",Ester,24,Kinematic,Base Oil,CCCCCCOC(=O)CC(CC(=O)OCCCCCC)C(=O)OCCCCCC,12.5,2.9
decanedioic acid dihexyl ester,Ester,22,Kinematic,Base Oil,CCCCCCOC(=O)CCCCCCCCC(=O)OCCCCCC,9.08,2.7
"propane-1,2,3-tricarboxylic acid tripentyl ester",Ester,21,Kinematic,Base Oil,CCCCCOC(=O)CC(CC(=O)OCCCCC)C(=O)OCCCCC,10.1,2.55
"2,2-dimethyl-3-pentyloxycarbonylmethylcyclobutanecarboxylic acid pentyl ester",Ester,19,Kinematic,Base Oil,CCCCCOC(=O)CC1CC(C(=O)OCCCCC)C1(C)C,8.65,2.35
1-pentyloxy-pentane,Ester,10,Dynamic,Base Oil,CCCCCOCCCCC,0.7987,0.4062
"cyclohexane-1,2-dicarboxylic acid dibutyl ester",Ester,16,Kinematic,Base Oil,CCCCOC(=O)C1CCCCC1C(=O)OCCCC,7.9,2.05
3-methyl-hexanedioic acid dibutyl ester,Ester,15,Kinematic,Base Oil,CCCCOC(=O)CCC(C)CC(=O)OCCCC,4.11,1.74
2-ethyl-pentanedioic acid dibutyl ester,Ester,15,Kinematic,Base Oil,CCCCOC(=O)CCC(CC)C(=O)OCCCC,3.67,1.33
decanedioic acid dibutyl ester,Ester,18,Kinematic,Base Oil,CCCCOC(=O)CCCCCCCCC(=O)OCCCC,6.98,2.01
nonanedioic acid bis-(2-butoxy-ethyl) ester,Ester,21,Kinematic,Base Oil,CCCCOCCOC(=O)CCCCCCCC(=O)OCCOCCCC,9.32,2.7
hexanedioic acid bis-(2-(2-butoxy-ethoxy)-ethyl) ester,Ester,22,Kinematic,Base Oil,CCCCOCCOCCOC(=O)CCCCC(=O)OCCOCCOCCCC,11.8,3.19
"1,11-dimethoxy-3,6,9-trioxa-undecane",Ester,10,Dynamic,Base Oil,COCCOCCOCCOCCOC,2.5,0.9623
"2,5,8,11,14,17-hexaoxaoctadecane",Ester,12,Kinematic,Base Oil,COCCOCCOCCOCCOCCOC,3.57,1.4
"propene-1,2,3-tricarboxylic acid tributyl ester",Ester,18,Kinematic,Base Oil,C(CCC)OC(=O)C=C(CC(=O)OCCCC)C(=O)OCCCC,9.89,2.44
"propene-1,2,3-tricarboxylic acid tris-(3-methyl-butyl) ester",Ester,21,Kinematic,Base Oil,CC(CCOC(=O)C=C(CC(=O)OCCC(C)C)C(=O)OCCC(C)C)C,15.1,3.06
"propene-1,2,3-tricarboxylic acid tripentyl ester",Ester,21,Kinematic,Base Oil,C(CCCC)OC(=O)C=C(CC(=O)OCCCCC)C(=O)OCCCCC,12.1,2.81
"propene-1,2,3-tricarboxylic acid trihexyl ester",Ester,24,Kinematic,Base Oil,C(CCCCC)OC(=O)C=C(CC(=O)OCCCCCC)C(=O)OCCCCCC,14.55,3.29
hexanedioic acid dicyclohexyl ester,Ester,18,Kinematic,Base Oil,O=C(CCCCC(=O)OC1CCCCC1)OC2CCCCC2,21.9,4.31
"3,6,9,12,15-pentaoxa-heptadecane-1,17-diol",Ester,12,Kinematic,Base Oil,OCCOCCOCCOCCOCCOCCO,28.36,5.13
"1,5-bis-(3-phenyl-propoxy)-pentane",Ester,23,Kinematic,Base Oil,C(CCOCCCc1ccccc1)CCOCCCc2ccccc2,12.2,3.01
"3,6,9-trioxa-undecanedioic acid diisopentyl ester",Ester,18,Kinematic,Base Oil,CC(C)CCOC(=O)COCCOCCOCC(=O)OCCC(C)C,11.13,2.76
bis-[(1-methyl-cyclohexyl)-methyl] ether,Ester,16,Kinematic,Base Oil,CC1(CCCCC1)COCC2(C)CCCCC2,10.6,2.46
bis-(2-hexanoyloxy-propyl) ether,Ester,18,Kinematic,Base Oil,CCCCCC(=O)OC(C)COCC(C)OC(=O)CCCCC,5.37,1.75
nonyl phenyl ether,Ester,15,Dynamic,Base Oil,CCCCCCCCCOc1ccccc1,3.55,1.12
"1,6-bis-(heptyloxy)-hexane",Ester,20,Kinematic,Base Oil,CCCCCCCOCCCCCCOCCCCCCC,5.33,1.75
dicyclohexyl-methane,Paraffin,13,Kinematic,Base Oil,C1CCC(CC1)CC2CCCCC2,4.08,1.42
isopropyl-decahydro-naphthalene,Paraffin,13,Dynamic,Base Oil,CC(C)C1CCCC2CCCCC12,2.39,0.87
"2,6,10,15,19,23-hexamethyl-tetracosane",Paraffin,30,Kinematic,Base Oil,CC(C)CCCC(C)CCCC(C)CCCCC(C)CCCC(C)CCCC(C)C,19.94,4.06
"2,11-dimethyl-dodecane",Paraffin,14,Dynamic,Base Oil,CC(C)CCCCCCCCC(C)C,1.02,0.43
"2,2,3,3,5,6,6-heptamethyl-heptane",Paraffin,14,Dynamic,Base Oil,CC(CC(C)(C)C(C)(C)C)C(C)(C)C,2.97,1.06
"2,2,4,10,12,12-hexamethyl-7-(3,5,5-trimethyl-hexyl)- tridecane",Paraffin,28,Dynamic,Base Oil,CC(CCC(CCC(C)CC(C)(C)C)CCC(C)CC(C)(C)C)CC(C)(C)C,18.88,2.87
"3,3,6,6-tetramethyl-octane",Paraffin,12,Dynamic,Base Oil,CCC(C)(C)CCC(C)(C)CC,1.59,0.78
"3,3,6,6,9,9,12,12-octamethyl-tetradecane",Paraffin,22,Kinematic,Base Oil,CCC(C)(C)CCC(C)(C)CCC(C)(C)CCC(C)(C)CC,20.91,3.56
"3,3,6,6-tetraethyl-octane",Paraffin,16,Kinematic,Base Oil,CCC(CC)(CC)CCC(CC)(CC)CC,5.21,1.65
"3,8-diethyl-decane",Paraffin,14,Kinematic,Base Oil,CCC(CC)CCCCC(CC)CC,1.75,0.79
"3,9-diethyl-undecane",Paraffin,15,Kinematic,Base Oil,CCC(CC)CCCCCC(CC)CC,1.97,1.21
"3,12-diethyl-tetradecane",Paraffin,18,Dynamic,Base Oil,CCC(CC)CCCCCCCCC(CC)CC,2.89,1.11
4-propyl-heptane,Paraffin,10,Dynamic,Base Oil,CCCC(CCC)CCC,0.54,0.29
"4,9-dipropyl-dodecane",Paraffin,18,Dynamic,Base Oil,CCCC(CCC)CCCCC(CCC)CCC,2.69,0.88
"4,10-dipropyl-tridecane",Paraffin,19,Kinematic,Base Oil,CCCC(CCC)CCCCCC(CCC)CCC,3.78,1.73
"5,10-diethyl-7,8-diisopropyl-tetradecane",Paraffin,24,Dynamic,Base Oil,CCCCC(CC)CC(C(C)C)C(CC(CC)CCCC)C(C)C,5.8,1.7
5-ethyl-2-methyl-nonane,Paraffin,12,Kinematic,Base Oil,CCCCC(CC)CCC(C)C,1.18,0.68
"5,8-diethyl-dodecane",Paraffin,16,Kinematic,Base Oil,CCCCC(CC)CCC(CC)CCCC,2.41,0.99
"5,5-dibutyl-nonane",Paraffin,17,Dynamic,Base Oil,CCCCC(CCCC)(CCCC)CCCC,4.14,1.02
5-butyl-nonane,Paraffin,13,Dynamic,Base Oil,CCCCC(CCCC)CCCC,1.12,0.48
"5,10-dibutyl-tetradecane",Paraffin,22,Kinematic,Base Oil,CCCCC(CCCC)CCCCC(CCCC)CCCC,6.82,1.82
"5,11-dibutyl-pentadecane",Paraffin,23,Kinematic,Base Oil,CCCCC(CCCC)CCCCCC(CCCC)CCCC,8.02,2.11
"5,14-dibutyl-octadecane",Paraffin,26,Dynamic,Base Oil,CCCCC(CCCC)CCCCCCCCC(CCCC)CCCC,9.37,2.07
5-ethyl-5-methyl-decane,Paraffin,13,Kinematic,Base Oil,CCCCCC(C)(CC)CCCC,1.69,0.75
"6,7-dipentyl-dodecane",Paraffin,22,Dynamic,Base Oil,CCCCCC(CCCCC)C(CCCCC)CCCCC,5.38,1.36
"6,11-dipentyl-hexadecane",Paraffin,26,Dynamic,Base Oil,CCCCCC(CCCCC)CCCCC(CCCCC)CCCCC,9.15,2.01
"6,12-dipentyl-heptadecane",Paraffin,27,Kinematic,Base Oil,CCCCCC(CCCCC)CCCCCC(CCCCC)CCCCC,13.7,2.88
"7,8,9,10-tetramethyl-hexadecane",Paraffin,20,Kinematic,Base Oil,CCCCCCC(C)C(C)C(C)C(C)CCCCCC,5.09,1.45
"2,4-dimethyl-decane",Paraffin,12,Dynamic,Base Oil,CCCCCCC(C)CC(C)C,1,0.48
"9,10-dihexyl-7,12-dimethyl-octadecane",Paraffin,32,Dynamic,Base Oil,CCCCCCC(C)CC(CCCCCC)C(CCCCCC)CC(C)CCCCCC,16.52,3.2
5-methyl-undecane,Paraffin,12,Dynamic,Base Oil,CCCCCCC(C)CCCC,0.97,0.54
7-methyl-tridecane,Paraffin,14,Dynamic,Base Oil,CCCCCCC(C)CCCCCC,1.49,0.63
"5,5-dipropyl-undecane",Paraffin,17,Dynamic,Base Oil,CCCCCCC(CCC)(CCC)CCCC,3.43,0.97
"7,8-dipropyl-tetradecane",Paraffin,20,Kinematic,Base Oil,CCCCCCC(CCC)C(CCC)CCCCCC,4.98,1.42
7-propyl-tridecane,Paraffin,16,Dynamic,Base Oil,CCCCCCC(CCC)CCCCCC,2.03,0.74
7-hexyl-tridecane,Paraffin,19,Kinematic,Base Oil,CCCCCCC(CCCCCC)CCCCCC,3.33,1.02
"8,8-dimethyl-pentadecane",Paraffin,17,Dynamic,Base Oil,CCCCCCCC(C)(C)CCCCCCC,2.67,0.95
6-methyl-6-propyl-tridecane,Paraffin,17,Dynamic,Base Oil,CCCCCCCC(C)(CCC)CCCCC,2.85,0.94
5-isobutyl-5-methyl-dodecane,Paraffin,17,Dynamic,Base Oil,CCCCCCCC(C)(CCCC)CC(C)C,2.51,0.88
8-hexyl-pentadecane,Paraffin,21,Dynamic,Base Oil,CCCCCCCC(CCCCCC)CCCCCCC,4.36,1.23
8-heptyl-pentadecane,Paraffin,22,Dynamic,Base Oil,CCCCCCCC(CCCCCCC)CCCCCCC,6.54,1.38
9-hexyl-heptadecane,Paraffin,23,Dynamic,Base Oil,CCCCCCCCC(CCCCCC)CCCCCCCC,5.53,1.54
"9,14-dioctyl-docosane",Paraffin,38,Kinematic,Base Oil,CCCCCCCCC(CCCCCCCC)CCCCC(CCCCCCCC)CCCCCCCC,27.56,5.36
9-octyl-heptadecane,Paraffin,25,Dynamic,Base Oil,CCCCCCCCC(CCCCCCCC)CCCCCCCC,6.86,1.83
dec-1-ene,Paraffin,10,Dynamic,Base Oil,CCCCCCCCC=C,0.63,0.34
octyl-cyclohexane,Paraffin,14,Dynamic,Base Oil,CCCCCCCCC1CCCCC1,2.24,0.88
decane,Paraffin,10,Dynamic,Base Oil,CCCCCCCCCC,0.7,0.37
10-nonyl-nonadecane,Paraffin,28,Dynamic,Base Oil,CCCCCCCCCC(CCCCCCCCC)CCCCCCCCC,8.75,2.28
undecane,Paraffin,11,Dynamic,Base Oil,CCCCCCCCCCC,0.87,0.44
3-ethyl-tridecane,Paraffin,15,Kinematic,Base Oil,CCCCCCCCCCC(CC)CC,2.34,1.03
4-propyl-tetradecane,Paraffin,17,Kinematic,Base Oil,CCCCCCCCCCC(CCC)CCC,3.32,1.22
5-butyl-pentadecane,Paraffin,19,Kinematic,Base Oil,CCCCCCCCCCC(CCCC)CCCC,4.17,1.46
11-pentyl-heneicosane,Paraffin,26,Dynamic,Base Oil,CCCCCCCCCCC(CCCCC)CCCCCCCCCC,7.76,2.01
9-octyl-nonadecane,Paraffin,27,Kinematic,Base Oil,CCCCCCCCCCC(CCCCCCCC)CCCCCCCC,6.49,1.85
11-(1-ethyl-propyl)-heneicosane,Paraffin,26,Dynamic,Base Oil,CCCCCCCCCCC(CCCCCCCCCC)C(CC)CC,8.13,1.98
"11-(2,2-dimethyl-propyl)-heneicosane",Paraffin,26,Dynamic,Base Oil,CCCCCCCCCCC(CCCCCCCCCC)CC(C)(C)C,9.04,2.11
11-decyl-heneicosane,Paraffin,31,Dynamic,Base Oil,CCCCCCCCCCC(CCCCCCCCCC)CCCCCCCCCC,11.3,2.7
dodec-1-ene,Paraffin,12,Dynamic,Base Oil,CCCCCCCCCCC=C,0.96,0.48
dodecane,Paraffin,12,Dynamic,Base Oil,CCCCCCCCCCCC,1.06,0.51
5-butyl-hexadecane,Paraffin,20,Dynamic,Base Oil,CCCCCCCCCCCC(CCCC)CCCC,4.5,1.43
11-butyl-docosane,Paraffin,26,Dynamic,Base Oil,CCCCCCCCCCCC(CCCC)CCCCCCCCCC,8.04,1.99
7-hexyl-octdecane,Paraffin,24,Dynamic,Base Oil,CCCCCCCCCCCC(CCCCCC)CCCCCC,9.96,1.87
9-octyl-eicosane,Paraffin,28,Dynamic,Base Oil,CCCCCCCCCCCC(CCCCCCCC)CCCCCCCC,9.18,2.24
11-decyl-docosane,Paraffin,32,Dynamic,Base Oil,CCCCCCCCCCCC(CCCCCCCCCC)CCCCCCCCCC,12.61,2.88
tridecane,Paraffin,13,Dynamic,Base Oil,CCCCCCCCCCCCC,1.31,0.6
13-undecyl-pentacosane,Paraffin,36,Dynamic,Base Oil,CCCCCCCCCCCCC(CCCCCCCCCCC)CCCCCCCCCCCC,16.99,3.66
tetradecane,Paraffin,14,Dynamic,Base Oil,CCCCCCCCCCCCCC,1.6,0.69
"2,2-dimethyl-pentadecane",Paraffin,17,Dynamic,Base Oil,CCCCCCCCCCCCCC(C)(C)C,2.98,1.07
3-ethyl-5-(2-ethyl-butyl)-octadecane,Paraffin,26,Dynamic,Base Oil,CCCCCCCCCCCCCC(CC(CC)CC)CC(CC)CC,9.25,2.13
4-propyl-heptadecane,Paraffin,20,Dynamic,Base Oil,CCCCCCCCCCCCCC(CCC)CCC,3.66,1.2
9-butyl-docosane,Paraffin,26,Dynamic,Base Oil,CCCCCCCCCCCCCC(CCCC)CCCCCCCC,8.18,2.08
7-hexyl-eicosane,Paraffin,26,Dynamic,Base Oil,CCCCCCCCCCCCCC(CCCCCC)CCCCCC,8.22,2.09
9-octyl-docosane,Paraffin,30,Dynamic,Base Oil,CCCCCCCCCCCCCC(CCCCCCCC)CCCCCCCC,11.1,2.62
11-decyl-tetracosane,Paraffin,34,Dynamic,Base Oil,CCCCCCCCCCCCCC(CCCCCCCCCC)CCCCCCCCCC,14.97,3.27
13-dodecyl-hexacosane,Paraffin,38,Dynamic,Base Oil,CCCCCCCCCCCCCC(CCCCCCCCCCCC)CCCCCCCCCCCC,19.7,4.18
Pentadecane,Paraffin,15,Dynamic,Base Oil,CCCCCCCCCCCCCCC,1.95,0.785
hexadecane,Paraffin,16,Dynamic,Base Oil,CCCCCCCCCCCCCCCC,2.23,0.9
2-methyl-heptadecane,Paraffin,18,Dynamic,Base Oil,CCCCCCCCCCCCCCCC(C)C,2.37,0.87
3-ethyl-octadecane,Paraffin,20,Dynamic,Base Oil,CCCCCCCCCCCCCCCC(CC)CC,3.2,1.07
4-propyl-nonadecane,Paraffin,22,Dynamic,Base Oil,CCCCCCCCCCCCCCCC(CCC)CCC,4.85,1.58
5-butyl-eicosane,Paraffin,24,Dynamic,Base Oil,CCCCCCCCCCCCCCCC(CCCC)CCCC,6.64,1.96
7-butyl-docosane,Paraffin,26,Dynamic,Base Oil,CCCCCCCCCCCCCCCC(CCCC)CCCCCC,8.49,2.15
16-butyl-hentriacontane,Paraffin,35,Dynamic,Base Oil,CCCCCCCCCCCCCCCC(CCCC)CCCCCCCCCCCCCCC,19.05,4.11
7-hexyl-docosane,Paraffin,28,Kinematic,Base Oil,CCCCCCCCCCCCCCCC(CCCCCC)CCCCCC,12.8,3.23
9-octyl-tetracosane,Paraffin,32,Dynamic,Base Oil,CCCCCCCCCCCCCCCC(CCCCCCCC)CCCCCCCC,14.15,3.06
heptadec-1-ene,Paraffin,17,Dynamic,Base Oil,CCCCCCCCCCCCCCCC=C,2.38,0.95
heptadecane,Paraffin,17,Dynamic,Base Oil,CCCCCCCCCCCCCCCCC,2.65,1.02
octadecane,Paraffin,18,Dynamic,Base Oil,CCCCCCCCCCCCCCCCCC,3.1,1.14
5-butyl-docosane,Paraffin,26,Dynamic,Base Oil,CCCCCCCCCCCCCCCCCC(CCCC)CCCC,8.91,2.24
9-octyl-hexacosane,Paraffin,34,Dynamic,Base Oil,CCCCCCCCCCCCCCCCCC(CCCCCCCC)CCCCCCCC,16.26,3.48
nonadecane,Paraffin,19,Dynamic,Base Oil,CCCCCCCCCCCCCCCCCCC,3.59,1.27
eicosane,Paraffin,20,Dynamic,Base Oil,CCCCCCCCCCCCCCCCCCCC,4.14,1.41
"2,2-dimethyl-docosane",Paraffin,24,Dynamic,Base Oil,CCCCCCCCCCCCCCCCCCCCC(C)(C)C,8.45,2.45
3-ethyl-tetracosane,Paraffin,26,Dynamic,Base Oil,CCCCCCCCCCCCCCCCCCCCCC(CC)CC,8.99,2.38
2-methyl-bicyclohexyl,Paraffin,13,Kinematic,Base Oil,CC1C(CCCC1)C1CCCCC1,3.09,1.19
